supplier_id,supplier_name,country,region,country_risk_level,country_risk_weight,category,tier,dependency_level,annual_spend_chf,onboarding_date,charter_signed,made_in_disclosed,traceability_level,env_score,social_score,governance_score,last_update,data_source,audited,audit_date,audit_score,non_compliance_level,action_deadline_days,audited_by_third_party,incident_penalty,esg_fields_present,esg_completeness,env_score_imputed,social_score_imputed,governance_score_imputed,dependency_penalty,tier_penalty,traceability_penalty,charter_penalty,made_in_penalty,audit_penalty,risk_score,risk_class,spend_exposure_class,recommended_action
S0001,Eclipse Supply,Malaysia,Asia,Medium,15,Metals & Minerals,Tier 2,Low,452847.07,2023-04-25,True,True,Partial,75.75,68.01,68.71,2025-01-12,Third-party Rating,True,2025-11-08,93.09,None,365.0,False,0.0,3,1.0,75.75,68.01,68.71,0,4,4,0,0,0.0,45.8488,Medium Risk,Medium Spend,Monitor quarterly; request additional evidence
S0002,Lumen Partners,Indonesia,Asia,High,25,Packaging,Tier 1,Low,145712.18,2021-12-25,True,True,Full,73.01,37.28,,2024-11-13,Supplier Questionnaire,True,2025-10-27,74.81,None,365.0,True,0.0,2,0.6666666666666666,73.01,37.28,69.13,0,0,0,0,0,0.0,56.2736,Medium Risk,Low Spend,Monitor quarterly; request additional evidence
S0003,Atlas Logistics,South Africa,Africa,Medium,15,Components,Tier 1,Medium,296895.25,2016-07-31,True,True,Partial,74.11,81.48,68.76,2025-03-19,Supplier Questionnaire,False,,,,,False,0.0,3,1.0,74.11,81.48,68.76,2,0,4,0,0,6.0,44.903999999999996,Medium Risk,Medium Spend,Monitor quarterly; request additional evidence
S0004,Aurora Industries,Spain,Europe,Low,5,Components,Tier 2,Low,252364.28,2024-08-27,True,True,Full,81.53,,90.75,2025-05-27,Supplier Questionnaire,False,,,,,False,0.0,2,0.6666666666666666,81.53,65.88,90.75,0,4,0,0,0,2.0,30.529600000000002,Low Risk,Medium Spend,Approved; monitor annually
S0005,Meridian Services,Taiwan,Asia,Low,5,Packaging,Tier 1,High,921146.05,2016-03-16,True,True,Partial,76.75,52.78,74.79,2024-12-21,Supplier Questionnaire,True,2024-09-09,73.46,Minor,180.0,False,0.0,3,1.0,76.75,52.78,74.79,5,0,4,0,0,7.0,52.2152,Medium Risk,Medium Spend,Monitor quarterly; request additional evidence
S0006,Cascade Supply,Indonesia,Asia,High,25,Components,Tier 1,Medium,661592.54,2025-09-10,True,False,Limited,52.57,64.09,55.29,2025-03-14,Internal Assessment,True,2024-05-16,65.83,Major,30.0,True,0.0,3,1.0,52.57,64.09,55.29,2,0,10,0,5,16.0425,88.7441,High Risk,Medium Spend,Immediate corrective action + 30-day follow-up
S0007,Meridian Systems,Tunisia,Africa,Medium,15,Components,Tier 2,Low,209056.31,2017-10-25,True,True,Full,66.44,82.34,63.4,2024-07-04,Supplier Questionnaire,True,2025-08-29,63.28,Minor,180.0,True,10.0,3,1.0,66.44,82.34,63.4,0,4,0,0,0,8.68,54.6028,Medium Risk,Low Spend,Monitor quarterly; request additional evidence
S0008,Meridian Systems,Malaysia,Asia,Medium,15,Metals & Minerals,Tier 2,Low,469764.35,2017-10-31,True,True,Full,67.95,56.72,49.13,2024-02-03,Third-party Rating,False,,,,,False,0.0,3,1.0,67.95,56.72,49.13,0,4,0,0,0,6.0,60.8144,Medium Risk,Medium Spend,Monitor quarterly; request additional evidence
S0009,Atlas Group,South Korea,Asia,Low,5,Logistics,Tier 2,Medium,167887.75,2020-04-25,True,True,Full,67.71,59.69,62.34,2025-03-21,Supplier Questionnaire,False,,,,,False,0.0,3,1.0,67.71,59.69,62.34,2,4,0,0,0,2.0,47.96640000000001,Medium Risk,Low Spend,Monitor quarterly; request additional evidence
S0010,Meridian Systems,Mexico,Americas,Medium,15,Metals & Minerals,Tier 3,Medium,50364.92,2018-11-28,True,True,Partial,,48.27,57.98,2025-01-12,Internal Assessment,True,2024-10-02,81.19,Minor,180.0,True,19.0,2,0.6666666666666666,67.95,48.27,57.98,2,8,4,0,0,7.0,82.81240000000001,High Risk,Low Spend,Prioritize for audit and mitigation plan
S0011,Vega Group,India,Asia,High,25,Metals & Minerals,Tier 1,Medium,159243.93,2018-12-02,True,True,Partial,59.91,49.97,66.87,2025-01-09,Third-party Rating,True,2025-01-24,56.48,None,365.0,False,0.0,3,1.0,59.91,49.97,66.87,2,0,4,0,0,3.380000000000001,64.9688,Medium Risk,Low Spend,Monitor quarterly; request additional evidence
S0012,Lumen Materials,Morocco,Africa,Medium,15,Components,Tier 3,Low,299261.28,2019-08-30,True,True,Full,76.4,63.53,,2024-10-16,Supplier Questionnaire,True,2025-08-11,57.12,Minor,180.0,False,0.0,2,0.6666666666666666,76.4,63.53,69.62,0,8,0,0,0,10.22,57.38759999999999,Medium Risk,Medium Spend,Monitor quarterly; request additional evidence
S0013,Eclipse Industries,United Arab Emirates,Middle East,Medium,15,IT Services,Tier 1,Low,525717.36,2017-12-29,True,True,Full,71.13,,69.13,2025-01-05,Internal Assessment,False,,,,,False,0.0,2,0.6666666666666666,71.13,64.79,69.13,0,0,0,0,0,6.0,46.296,Medium Risk,Medium Spend,Monitor quarterly; request additional evidence
S0014,Nimbus Materials,Japan,Asia,Low,5,Facility,Tier 2,Low,115480.85,2021-02-19,True,True,Full,64.04,67.78,84.69,2025-05-27,Third-party Rating,True,2024-07-23,78.73,None,365.0,True,0.0,3,1.0,64.04,67.78,84.69,0,4,0,0,0,0.0,34.606,Low Risk,Low Spend,Approved; monitor annually
S0015,Helios Systems,India,Asia,High,25,Metals & Minerals,Tier 2,Medium,196896.26,2022-01-26,False,True,Partial,52.92,33.84,36.77,2025-10-24,Supplier Questionnaire,True,2025-09-23,47.82,Major,30.0,True,6.0,3,1.0,52.92,33.84,36.77,2,4,4,12,0,20.545,100.0,High Risk,Low Spend,Immediate corrective action + 30-day follow-up
S0016,Meridian Partners,Brazil,Americas,Medium,15,Chemicals,Tier 1,Low,177857.52,2017-09-14,True,True,Limited,51.16,74.26,77.78,2024-08-13,Third-party Rating,False,,,,,False,0.0,3,1.0,51.16,74.26,77.78,0,0,10,0,0,6.0,55.3316,Medium Risk,Low Spend,Monitor quarterly; request additional evidence
S0017,Novatek Industries,Switzerland,Europe,Low,5,Logistics,Tier 1,Low,100658.52,2022-11-02,True,False,Limited,68.17,72.76,80.51,2024-03-24,Supplier Questionnaire,False,,,,,False,0.0,3,1.0,68.17,72.76,80.51,0,0,10,0,5,2.0,45.795199999999994,Medium Risk,Low Spend,Monitor quarterly; request additional evidence
S0018,Zenith Materials,Canada,Americas,Low,5,Tools & Machinery,Tier 3,Low,184299.87,2020-05-25,True,True,Partial,77.97,55.01,50.12,2024-09-26,Supplier Questionnaire,True,2024-06-25,70.86,None,365.0,True,0.0,3,1.0,77.97,55.01,50.12,0,8,4,0,0,0.0,54.876000000000005,Medium Risk,Low Spend,Monitor quarterly; request additional evidence
S0019,Meridian Partners,Spain,Europe,Low,5,IT Services,Tier 3,Low,104654.46,2016-05-05,True,True,Limited,64.89,53.15,62.82,2024-02-28,Third-party Rating,False,,,,,False,0.0,3,1.0,64.89,53.15,62.82,0,8,10,0,0,2.0,63.2184,Medium Risk,Low Spend,Monitor quarterly; request additional evidence
S0020,Eclipse Manufacturing,Singapore,Asia,Low,5,Facility,Tier 1,Low,69830.86,2025-02-01,False,True,Partial,75.77,73.14,66.49,2025-05-03,Supplier Questionnaire,False,,,,,False,0.0,3,1.0,75.77,73.14,66.49,0,0,4,12,0,2.0,49.0016,Medium Risk,Low Spend,Request signature/commitment before continuation
S0021,Argent Systems,Italy,Europe,Low,5,Components,Tier 1,Low,691413.47,2019-02-11,True,True,Full,64.1,87.93,,2025-04-09,Internal Assessment,False,,,,,False,0.0,2,0.6666666666666666,64.1,87.93,69.62,0,0,0,0,0,2.0,29.351599999999998,Low Risk,Medium Spend,Approved; monitor annually
S0022,Novatek Partners,France,Europe,Low,5,Components,Tier 3,High,140224.94,2021-03-13,True,True,Partial,70.19,68.48,77.83,2025-09-29,Supplier Questionnaire,False,,,,,False,0.0,3,1.0,70.19,68.48,77.83,5,8,4,0,0,2.0,49.7992,Medium Risk,Low Spend,Monitor quarterly; request additional evidence
S0023,Helios Supply,Spain,Europe,Low,5,Facility,Tier 2,Medium,47807.23,2025-09-08,True,True,Partial,65.88,72.34,62.71,2024-01-09,Third-party Rating,False,,,,,False,0.0,3,1.0,65.88,72.34,62.71,2,4,4,0,0,2.0,47.3004,Medium Risk,Low Spend,Monitor quarterly; request additional evidence
S0024,Helios Industries,Japan,Asia,Low,5,Packaging,Tier 1,Low,190515.53,2023-09-30,True,True,Limited,74.09,50.63,64.19,2024-12-20,Supplier Questionnaire,False,,,,,False,7.0,3,1.0,74.09,50.63,64.19,0,0,10,0,0,2.0,57.062000000000005,Medium Risk,Low Spend,Monitor quarterly; request additional evidence
S0025,Orion Logistics,Tunisia,Africa,Medium,15,Facility,Tier 2,Low,249759.65,2016-11-18,True,True,Full,60.51,,70.44,2024-09-07,Third-party Rating,True,2025-06-29,63.76,None,365.0,False,0.0,2,0.6666666666666666,60.51,66.305,70.44,0,4,0,0,0,1.5600000000000005,47.8044,Medium Risk,Low Spend,Monitor quarterly; request additional evidence
S0026,Eclipse Industries,India,Asia,High,25,Components,Tier 3,Low,266937.3,2017-12-16,True,True,Full,46.72,63.27,71.59,2025-09-09,Supplier Questionnaire,True,2025-02-06,65.04,Minor,180.0,True,0.0,3,1.0,46.72,63.27,71.59,0,8,0,0,0,8.239999999999998,68.6916,Medium Risk,Medium Spend,Monitor quarterly; request additional evidence
S0027,Alpine Materials,Germany,Europe,Low,5,Tools & Machinery,Tier 2,Low,277456.6,2019-11-19,True,True,Partial,65.54,89.3,62.26,2024-08-11,Internal Assessment,False,,,,,False,12.0,3,1.0,65.54,89.3,62.26,0,4,4,0,0,2.0,45.3556,Medium Risk,Medium Spend,Monitor quarterly; request additional evidence
S0028,Argent Partners,Tunisia,Africa,Medium,15,Metals & Minerals,Tier 1,High,450258.9,2018-09-17,True,True,Partial,79.19,62.81,83.9,2025-08-05,Supplier Questionnaire,True,2024-12-26,87.11,None,365.0,True,7.0,3,1.0,79.19,62.81,83.9,5,0,4,0,0,0.0,46.9548,Medium Risk,Medium Spend,Monitor quarterly; request additional evidence
S0029,Argent Services,Japan,Asia,Low,5,Facility,Tier 1,Low,112587.84,2018-10-22,False,True,Partial,77.89,70.12,66.79,2024-08-20,Internal Assessment,False,,,,,False,0.0,3,1.0,77.89,70.12,66.79,0,0,4,12,0,2.0,49.519999999999996,Medium Risk,Low Spend,Request signature/commitment before continuation
S0030,Cascade Materials,France,Europe,Low,5,Metals & Minerals,Tier 1,High,1334622.14,2021-06-03,True,True,Partial,84.11,49.97,87.54,2025-03-14,Third-party Rating,False,,,,,False,3.0,3,1.0,84.11,49.97,87.54,5,0,4,0,0,2.0,43.8484,Medium Risk,High Spend,Monitor quarterly; request additional evidence
S0031,Vega Industries,Germany,Europe,Low,5,Logistics,Tier 2,Low,179287.91,2016-09-29,True,False,Full,82.33,81.52,,2024-11-10,Supplier Questionnaire,False,,,,,False,0.0,2,0.6666666666666666,82.33,81.52,67.73,0,4,0,0,5,2.0,36.416000000000004,Low Risk,Low Spend,Approved; monitor annually
S0032,Atlas Components,Philippines,Asia,Medium,15,Metals & Minerals,Tier 2,Medium,223657.83,2025-11-11,True,True,Partial,61.89,50.43,63.13,2024-01-19,Internal Assessment,True,2024-01-30,71.16,None,365.0,True,0.0,3,1.0,61.89,50.43,63.13,2,4,4,0,0,0.0,60.547200000000004,Medium Risk,Low Spend,Monitor quarterly; request additional evidence
S0033,Cobalt Holdings,Mexico,Americas,Medium,15,Components,Tier 2,Low,177087.78,2016-01-21,True,True,Full,79.1,78.75,,2024-10-26,Third-party Rating,False,,,,,False,3.0,2,0.6666666666666666,79.1,78.75,69.62,0,4,0,0,0,6.0,43.9736,Medium Risk,Low Spend,Monitor quarterly; request additional evidence
S0034,Meridian Components,Indonesia,Asia,High,25,Consulting,Tier 1,Low,265492.28,2024-02-24,True,False,Limited,58.91,72.32,43.35,2025-03-18,Supplier Questionnaire,False,,,,,False,0.0,3,1.0,58.91,72.32,43.35,0,0,10,0,5,6.0,75.4552,High Risk,Medium Spend,Prioritize for audit and mitigation plan
S0035,Eclipse Industries,Morocco,Africa,Medium,15,Components,Tier 1,Low,816887.76,2023-09-16,True,False,Limited,54.66,57.89,59.76,2025-05-17,Supplier Questionnaire,True,2024-04-21,72.92,None,365.0,True,7.0,3,1.0,54.66,57.89,59.76,0,0,10,0,5,0.0,69.51599999999999,Medium Risk,Medium Spend,Monitor quarterly; request additional evidence
S0036,Helios Partners,Japan,Asia,Low,5,Chemicals,Tier 1,Medium,342841.7,2016-09-27,False,True,Full,77.8,,59.68,2024-01-21,Supplier Questionnaire,False,,,,,False,0.0,2,0.6666666666666666,77.8,68.28,59.68,2,0,0,12,0,2.0,50.556400000000004,Medium Risk,Medium Spend,Request signature/commitment before continuation
S0037,Cobalt Logistics,Spain,Europe,Low,5,Components,Tier 2,Medium,155525.41,2024-08-16,True,True,Full,77.46,68.08,,2024-01-23,Internal Assessment,False,,,,,False,0.0,2,0.6666666666666666,77.46,68.08,69.62,2,4,0,0,0,2.0,39.5508,Low Risk,Low Spend,Approved; monitor annually
S0038,Orion Systems,New Zealand,Oceania,Low,5,Tools & Machinery,Tier 1,Medium,279592.22,2022-03-25,True,True,Full,73.9,57.82,74.74,2024-01-18,Third-party Rating,True,2025-05-01,86.27,Minor,180.0,True,0.0,3,1.0,73.9,57.82,74.74,2,0,0,0,0,7.0,44.0132,Medium Risk,Medium Spend,Monitor quarterly; request additional evidence
S0039,Argent Materials,Mexico,Americas,Medium,15,Metals & Minerals,Tier 1,Medium,244047.45,2019-02-09,True,True,Limited,64.41,84.18,69.05,2024-03-25,Third-party Rating,False,,,,,False,0.0,3,1.0,64.41,84.18,69.05,2,0,10,0,0,6.0,52.4472,Medium Risk,Low Spend,Monitor quarterly; request additional evidence
S0040,Meridian Industries,Thailand,Asia,Medium,15,Metals & Minerals,Tier 1,Medium,308639.8,2019-04-01,True,True,Partial,66.05,63.88,72.06,2025-10-10,Internal Assessment,False,,,,,False,7.0,3,1.0,66.05,63.88,72.06,2,0,4,0,0,6.0,56.994800000000005,Medium Risk,Medium Spend,Monitor quarterly; request additional evidence
S0041,Vega Materials,New Zealand,Oceania,Low,5,Components,Tier 2,Medium,583009.69,2024-11-12,True,True,Limited,81.73,72.44,66.03,2024-10-08,Internal Assessment,False,,,,,False,3.0,3,1.0,81.73,72.44,66.03,2,4,10,0,0,2.0,49.410000000000004,Medium Risk,Medium Spend,Monitor quarterly; request additional evidence
S0042,Atlas Group,Canada,Americas,Low,5,Tools & Machinery,Tier 3,Medium,688772.61,2020-09-19,True,True,Partial,73.48,71.35,51.65,2024-04-22,Third-party Rating,True,2025-03-04,53.97,Major,30.0,False,0.0,3,1.0,73.48,71.35,51.65,2,8,4,0,0,19.0075,70.11510000000001,High Risk,Medium Spend,Immediate corrective action + 30-day follow-up
S0043,Alpine Manufacturing,United Arab Emirates,Middle East,Medium,15,IT Services,Tier 2,Low,184755.74,2023-08-08,True,True,Partial,,88.78,72.74,2024-11-17,Supplier Questionnaire,True,2024-11-21,65.38,Minor,180.0,True,0.0,2,0.6666666666666666,69.77,88.78,72.74,0,4,4,0,0,8.155000000000001,46.080600000000004,Medium Risk,Low Spend,Monitor quarterly; request additional evidence
S0044,Lumen Components,Canada,Americas,Low,5,Components,Tier 3,Low,138909.6,2021-08-10,True,True,Full,74.01,52.24,64.14,2024-05-22,Supplier Questionnaire,False,,,,,False,0.0,3,1.0,74.01,52.24,64.14,0,8,0,0,0,2.0,50.6064,Medium Risk,Low Spend,Monitor quarterly; request additional evidence
S0045,Cascade Partners,Tunisia,Africa,Medium,15,Components,Tier 2,High,473203.7,2021-03-22,True,True,Partial,65.32,57.33,50.19,2025-02-27,Supplier Questionnaire,True,2024-11-23,80.25,None,365.0,True,0.0,3,1.0,65.32,57.33,50.19,5,4,4,0,0,0.0,63.967600000000004,Medium Risk,Medium Spend,Monitor quarterly; request additional evidence
S0046,Helios Holdings,Turkey,Europe/Asia,Medium,15,Tools & Machinery,Tier 1,High,2003038.66,2020-04-09,True,False,Full,77.48,63.94,59.03,2025-04-02,Third-party Rating,True,2025-01-27,85.01,None,365.0,True,0.0,3,1.0,77.48,63.94,59.03,5,0,0,0,5,0.0,52.09,Medium Risk,High Spend,Monitor quarterly; request additional evidence
S0047,Novatek Logistics,South Africa,Africa,Medium,15,Components,Tier 2,Low,326301.18,2019-02-21,False,True,Limited,38.7,54.57,62.91,2025-03-29,Internal Assessment,False,,,,,False,3.0,3,1.0,38.7,54.57,62.91,0,4,10,12,0,6.0,89.10480000000001,High Risk,Medium Spend,Request signature/commitment before continuation
S0048,Lumen Components,France,Europe,Low,5,Facility,Tier 1,High,205006.66,2021-01-30,True,True,Partial,95.58,66.63,65.52,2024-01-29,Supplier Questionnaire,True,2024-10-15,86.29,None,365.0,True,3.0,3,1.0,95.58,66.63,65.52,5,0,4,0,0,0.0,39.019200000000005,Low Risk,Low Spend,Approved; monitor annually
S0049,Meridian Logistics,Morocco,Africa,Medium,15,Packaging,Tier 3,High,141985.92,2020-02-06,True,True,Full,90.44,41.96,69.28,2025-01-24,Supplier Questionnaire,True,2025-04-16,83.92,None,365.0,True,7.0,3,1.0,90.44,41.96,69.28,5,8,0,0,0,0.0,60.8232,Medium Risk,Low Spend,Monitor quarterly; request additional evidence
S0050,Nimbus Systems,Vietnam,Asia,High,25,Components,Tier 1,Low,476463.99,2023-07-20,True,True,Partial,,54.66,,2025-08-02,Supplier Questionnaire,True,2024-01-15,55.63,Minor,180.0,False,7.0,1,0.3333333333333333,69.185,54.66,69.62,0,0,4,0,0,10.5925,68.6783,Medium Risk,Medium Spend,Monitor quarterly; request additional evidence
S0051,Nimbus Holdings,Taiwan,Asia,Low,5,Tools & Machinery,Tier 2,Low,159395.46,2025-04-16,True,True,Full,78.22,63.56,78.39,2024-12-18,Supplier Questionnaire,False,,,,,False,0.0,3,1.0,78.22,63.56,78.39,0,4,0,0,0,2.0,36.339600000000004,Low Risk,Low Spend,Approved; monitor annually
S0052,Zenith Materials,Philippines,Asia,Medium,15,IT Services,Tier 1,Low,108944.56,2024-01-28,True,True,Limited,66.71,68.06,73.41,2024-09-30,Third-party Rating,False,,,,,False,0.0,3,1.0,66.71,68.06,73.41,0,0,10,0,0,6.0,54.856,Medium Risk,Low Spend,Monitor quarterly; request additional evidence
S0053,Lumen Logistics,Japan,Asia,Low,5,Metals & Minerals,Tier 1,Medium,744731.52,2024-01-12,True,True,Partial,,63.15,70.64,2025-01-08,Supplier Questionnaire,False,,,,,False,0.0,2,0.6666666666666666,67.95,63.15,70.64,2,0,4,0,0,2.0,43.8592,Medium Risk,Medium Spend,Monitor quarterly; request additional evidence
S0054,Cobalt Group,Canada,Americas,Low,5,Chemicals,Tier 1,Low,211715.97,2017-11-11,False,True,Partial,88.74,94.0,65.57,2025-09-23,Supplier Questionnaire,True,2024-05-29,91.16,None,365.0,True,3.0,3,1.0,88.74,94.0,65.57,0,0,4,12,0,0.0,36.970400000000005,Low Risk,Low Spend,Request signature/commitment before continuation
S0055,Alpine Supply,New Zealand,Oceania,Low,5,IT Services,Tier 1,Medium,175898.44,2024-01-26,True,True,Partial,74.45,74.43,80.69,2025-02-22,Third-party Rating,True,2025-01-19,78.07,None,365.0,True,0.0,3,1.0,74.45,74.43,80.69,2,0,4,0,0,0.0,32.3112,Low Risk,Low Spend,Approved; monitor annually
S0056,Cascade Supply,Singapore,Asia,Low,5,Packaging,Tier 1,High,565191.35,2024-12-14,True,True,Full,82.45,85.99,77.16,2025-10-13,Supplier Questionnaire,False,,,,,False,0.0,3,1.0,82.45,85.99,77.16,5,0,0,0,0,2.0,27.576800000000006,Low Risk,Medium Spend,Approved; monitor annually
S0057,Cobalt Holdings,India,Asia,High,25,Metals & Minerals,Tier 1,Low,204191.77,2018-04-11,True,True,Partial,68.94,23.72,69.9,2024-01-14,Internal Assessment,True,2025-11-09,42.43,Major,30.0,True,0.0,3,1.0,68.94,23.72,69.9,0,0,4,0,0,21.8925,88.4833,High Risk,Low Spend,Immediate corrective action + 30-day follow-up
S0058,Cobalt Manufacturing,Saudi Arabia,Middle East,Medium,15,Facility,Tier 1,Medium,125225.36,2020-04-07,True,False,Partial,70.95,,63.83,2025-06-11,Supplier Questionnaire,False,,,,,False,0.0,2,0.6666666666666666,70.95,66.305,63.83,2,0,4,0,5,6.0,58.4364,Medium Risk,Low Spend,Monitor quarterly; request additional evidence
S0059,Cobalt Supply,Mexico,Americas,Medium,15,Facility,Tier 2,Low,175321.6,2016-01-26,True,True,Full,58.27,66.88,,2025-08-10,Supplier Questionnaire,False,,,,,False,0.0,2,0.6666666666666666,58.27,66.88,67.76,0,4,0,0,0,6.0,53.4992,Medium Risk,Low Spend,Monitor quarterly; request additional evidence
S0060,Argent Materials,South Korea,Asia,Low,5,Components,Tier 1,Low,441221.18,2021-02-07,True,True,Full,61.2,60.27,71.84,2025-11-29,Supplier Questionnaire,True,2024-03-28,41.05,Major,30.0,True,0.0,3,1.0,61.2,60.27,71.84,0,0,0,0,0,22.2375,60.7547,Medium Risk,Medium Spend,Immediate corrective action + 30-day follow-up
S0061,Nimbus Holdings,South Korea,Asia,Low,5,Components,Tier 1,Low,115400.13,2017-03-13,True,True,Limited,82.53,77.16,76.53,2025-06-24,Third-party Rating,False,,,,,False,0.0,3,1.0,82.53,77.16,76.53,0,0,10,0,0,2.0,36.288,Low Risk,Low Spend,Approved; monitor annually
S0062,Nimbus Group,South Korea,Asia,Low,5,Metals & Minerals,Tier 2,Medium,217384.33,2019-05-17,True,False,Full,77.16,,65.66,2025-07-15,Internal Assessment,False,,,,,False,3.0,2,0.6666666666666666,77.16,64.68,65.66,2,4,0,0,5,2.0,48.912,Medium Risk,Low Spend,Monitor quarterly; request additional evidence
S0063,Alpine Group,Thailand,Asia,Medium,15,Facility,Tier 1,Medium,143053.14,2021-03-08,True,True,Partial,80.89,73.5,73.16,2024-03-05,Internal Assessment,False,,,,,False,0.0,3,1.0,80.89,73.5,73.16,2,0,4,0,0,6.0,44.7896,Medium Risk,Low Spend,Monitor quarterly; request additional evidence
S0064,Eclipse Industries,Turkey,Europe/Asia,Medium,15,IT Services,Tier 2,Medium,191132.42,2023-01-10,True,False,Limited,74.7,52.16,56.78,2024-10-24,Supplier Questionnaire,False,,,,,False,0.0,3,1.0,74.7,52.16,56.78,2,4,10,0,5,6.0,75.3004,High Risk,Low Spend,Prioritize for audit and mitigation plan
S0065,Aurora Group,Tunisia,Africa,Medium,15,Logistics,Tier 2,Low,169994.5,2025-08-13,True,True,Full,59.25,60.27,61.87,2025-08-13,Internal Assessment,False,,,,,False,0.0,3,1.0,59.25,60.27,61.87,0,4,0,0,0,6.0,57.7536,Medium Risk,Low Spend,Monitor quarterly; request additional evidence
S0066,Aurora Supply,Turkey,Europe/Asia,Medium,15,Components,Tier 1,Medium,337358.23,2018-07-08,True,True,Limited,63.92,65.36,69.48,2024-08-06,Third-party Rating,False,,,,,False,0.0,3,1.0,63.92,65.36,69.48,2,0,10,0,0,6.0,59.9748,Medium Risk,Medium Spend,Monitor quarterly; request additional evidence
S0067,Lumen Industries,China,Asia,High,25,Metals & Minerals,Tier 1,High,123431.8,2018-11-05,True,True,Partial,64.01,50.19,70.93,2024-02-06,Third-party Rating,True,2025-08-08,69.28,Minor,180.0,False,0.0,3,1.0,64.01,50.19,70.93,5,0,4,0,0,7.18,69.2336,Medium Risk,Low Spend,Monitor quarterly; request additional evidence
S0068,Helios Holdings,Singapore,Asia,Low,5,Metals & Minerals,Tier 1,Medium,350545.66,2016-05-14,True,True,Partial,84.38,69.06,69.61,2024-08-03,Third-party Rating,False,,,,,False,0.0,3,1.0,84.38,69.06,69.61,2,0,4,0,0,2.0,37.2244,Low Risk,Medium Spend,Approved; monitor annually
S0069,Zenith Materials,United States,Americas,Low,5,Packaging,Tier 1,Low,170789.0,2016-07-06,True,False,Partial,,59.72,,2024-08-22,Internal Assessment,False,,,,,False,0.0,1,0.3333333333333333,72.38,59.72,69.13,0,0,4,0,5,2.0,47.474000000000004,Medium Risk,Low Spend,Monitor quarterly; request additional evidence
S0070,Argent Components,Brazil,Americas,Medium,15,Metals & Minerals,Tier 1,Low,2569061.08,2018-10-14,True,False,Partial,67.06,46.51,64.81,2025-04-12,Internal Assessment,True,2025-10-26,68.47,None,365.0,False,12.0,3,1.0,67.06,46.51,64.81,0,0,4,0,5,0.3825000000000003,66.11249999999998,Medium Risk,High Spend,Monitor quarterly; request additional evidence
S0071,Zenith Supply,Germany,Europe,Low,5,Logistics,Tier 2,Low,118609.55,2017-06-12,True,True,Partial,72.6,71.33,85.25,2024-03-30,Supplier Questionnaire,False,,,,,False,0.0,3,1.0,72.6,71.33,85.25,0,4,4,0,0,2.0,36.61,Low Risk,Low Spend,Approved; monitor annually
S0072,Atlas Industries,United Arab Emirates,Middle East,Medium,15,Consulting,Tier 2,Low,176084.44,2020-11-21,True,True,Partial,52.91,62.1,76.03,2024-11-24,Supplier Questionnaire,False,,,,,False,0.0,3,1.0,52.91,62.1,76.03,0,4,4,0,0,6.0,58.2656,Medium Risk,Low Spend,Monitor quarterly; request additional evidence
S0073,Orion Group,Australia,Oceania,Low,5,Packaging,Tier 1,Low,406060.83,2018-05-17,True,False,Partial,93.01,,73.89,2024-06-25,Supplier Questionnaire,False,,,,,False,0.0,2,0.6666666666666666,93.01,64.11,73.89,0,0,4,0,5,2.0,38.418400000000005,Low Risk,Medium Spend,Approved; monitor annually
S0074,Nimbus Holdings,United Kingdom,Europe,Low,5,Facility,Tier 3,Low,193061.39,2023-04-11,True,True,Partial,64.08,75.12,75.04,2025-08-09,Third-party Rating,True,2025-11-19,97.72,None,365.0,True,0.0,3,1.0,64.08,75.12,75.04,0,8,4,0,0,0.0,42.74679999999999,Medium Risk,Low Spend,Monitor quarterly; request additional evidence
S0075,Vega Holdings,Mexico,Americas,Medium,15,Components,Tier 1,High,1759774.86,2022-05-01,True,True,Partial,80.6,98.0,74.53,2024-07-17,Internal Assessment,False,,,,,False,0.0,3,1.0,80.6,98.0,74.53,5,0,4,0,0,6.0,37.632400000000004,Low Risk,High Spend,Approved; monitor annually
S0076,Atlas Logistics,Japan,Asia,Low,5,Components,Tier 1,High,186648.07,2021-05-09,True,True,Partial,70.91,50.0,76.75,2024-04-07,Supplier Questionnaire,False,,,,,False,0.0,3,1.0,70.91,50.0,76.75,5,0,4,0,0,2.0,49.3352,Medium Risk,Low Spend,Monitor quarterly; request additional evidence
S0077,Nimbus Manufacturing,New Zealand,Oceania,Low,5,Logistics,Tier 2,Medium,62633.28,2016-05-28,True,True,Full,66.76,69.83,67.6,2024-01-01,Supplier Questionnaire,True,2025-07-22,81.27,None,365.0,False,0.0,3,1.0,66.76,69.83,67.6,2,4,0,0,0,0.0,40.4932,Medium Risk,Low Spend,Monitor quarterly; request additional evidence
S0078,Novatek Group,Thailand,Asia,Medium,15,Facility,Tier 2,Medium,87942.89,2021-11-26,True,True,Full,77.21,54.49,69.14,2024-07-20,Third-party Rating,True,2024-04-05,66.36,Minor,180.0,True,0.0,3,1.0,77.21,54.49,69.14,2,4,0,0,0,7.91,56.620400000000004,Medium Risk,Low Spend,Monitor quarterly; request additional evidence
S0079,Eclipse Services,South Korea,Asia,Low,5,Components,Tier 2,Low,88027.78,2022-06-12,True,True,Limited,66.72,69.86,74.43,2024-08-18,Supplier Questionnaire,True,2024-12-29,79.62,None,365.0,False,0.0,3,1.0,66.72,69.86,74.43,0,4,10,0,0,0.0,46.306799999999996,Medium Risk,Low Spend,Monitor quarterly; request additional evidence
S0080,Eclipse Materials,Morocco,Africa,Medium,15,Facility,Tier 1,Low,171931.32,2017-09-28,True,True,Full,60.33,61.72,65.0,2024-07-16,Supplier Questionnaire,False,,,,,False,0.0,3,1.0,60.33,61.72,65.0,0,0,0,0,0,6.0,51.869600000000005,Medium Risk,Low Spend,Monitor quarterly; request additional evidence
S0081,Helios Components,United States,Americas,Low,5,Components,Tier 1,Medium,171599.4,2025-05-12,False,True,Full,70.24,77.49,72.36,2024-11-12,Internal Assessment,True,2024-04-23,72.77,None,365.0,True,0.0,3,1.0,70.24,77.49,72.36,2,0,0,12,0,0.0,42.9316,Medium Risk,Low Spend,Request signature/commitment before continuation
S0082,Eclipse Logistics,Brazil,Americas,Medium,15,Components,Tier 1,Low,1237253.9,2017-05-16,True,True,Limited,68.94,62.28,70.8,2025-12-04,Supplier Questionnaire,False,,,,,False,7.0,3,1.0,68.94,62.28,70.8,0,0,10,0,0,6.0,61.22880000000001,Medium Risk,High Spend,Monitor quarterly; request additional evidence
S0083,Cobalt Manufacturing,South Korea,Asia,Low,5,Consulting,Tier 2,Medium,73930.33,2025-03-29,True,True,Full,74.65,61.01,53.05,2025-04-06,Supplier Questionnaire,False,,,,,False,7.0,3,1.0,74.65,61.01,53.05,2,4,0,0,0,2.0,52.318000000000005,Medium Risk,Low Spend,Monitor quarterly; request additional evidence
S0084,Helios Holdings,Turkey,Europe/Asia,Medium,15,Components,Tier 1,High,442772.68,2024-10-07,True,True,Partial,68.66,72.27,63.65,2025-05-01,Third-party Rating,True,2024-11-11,58.03,Minor,180.0,False,0.0,3,1.0,68.66,72.27,63.65,5,0,4,0,0,9.9925,58.7417,Medium Risk,Medium Spend,Monitor quarterly; request additional evidence
S0085,Eclipse Group,Malaysia,Asia,Medium,15,IT Services,Tier 1,Medium,312017.26,2024-03-01,False,True,Full,69.89,63.37,58.44,2025-07-24,Third-party Rating,False,,,,,False,3.0,3,1.0,69.89,63.37,58.44,2,0,0,12,0,6.0,66.28200000000001,Medium Risk,Medium Spend,Request signature/commitment before continuation
S0086,Vega Group,Philippines,Asia,Medium,15,Logistics,Tier 2,Medium,51678.11,2021-07-19,True,False,Full,62.84,,66.26,2024-09-19,Supplier Questionnaire,False,,,,,False,0.0,2,0.6666666666666666,62.84,65.365,66.26,2,4,0,0,5,6.0,60.3056,Medium Risk,Low Spend,Monitor quarterly; request additional evidence
S0087,Aurora Systems,Brazil,Americas,Medium,15,Logistics,Tier 1,High,71970.89,2016-12-05,True,True,Partial,70.01,73.21,58.01,2024-06-01,Third-party Rating,False,,,,,False,0.0,3,1.0,70.01,73.21,58.01,5,0,4,0,0,6.0,55.800000000000004,Medium Risk,Low Spend,Monitor quarterly; request additional evidence
S0088,Aurora Industries,Germany,Europe,Low,5,Metals & Minerals,Tier 1,Low,415054.22,2024-12-18,True,True,Partial,52.04,54.15,63.25,2024-02-08,Internal Assessment,False,,,,,False,0.0,3,1.0,52.04,54.15,63.25,0,0,4,0,0,2.0,52.2788,Medium Risk,Medium Spend,Monitor quarterly; request additional evidence
S0089,Zenith Systems,Canada,Americas,Low,5,Components,Tier 1,High,705292.03,2019-05-22,True,True,Full,71.47,,81.94,2024-06-03,Third-party Rating,True,2025-03-30,78.58,None,365.0,True,0.0,2,0.6666666666666666,71.47,65.88,81.94,5,0,0,0,0,0.0,35.165600000000005,Low Risk,Medium Spend,Approved; monitor annually
S0090,Cascade Materials,Indonesia,Asia,High,25,IT Services,Tier 3,Low,197733.49,2019-06-28,True,True,Limited,58.0,48.55,70.93,2025-10-04,Third-party Rating,True,2024-05-13,49.87,Major,30.0,True,10.0,3,1.0,58.0,48.55,70.93,0,8,10,0,0,20.0325,98.92490000000001,High Risk,Low Spend,Immediate corrective action + 30-day follow-up
S0091,Cobalt Logistics,Germany,Europe,Low,5,Metals & Minerals,Tier 2,Medium,462079.25,2024-11-11,True,False,Partial,78.7,55.14,55.02,2024-04-09,Internal Assessment,False,,,,,False,0.0,3,1.0,78.7,55.14,55.02,2,4,4,0,5,2.0,58.05159999999999,Medium Risk,Medium Spend,Monitor quarterly; request additional evidence
S0092,Argent Services,South Korea,Asia,Low,5,Packaging,Tier 1,Low,206403.39,2023-10-17,True,True,Limited,,86.3,77.29,2024-08-18,Third-party Rating,False,,,,,False,0.0,2,0.6666666666666666,72.38,86.3,77.29,0,0,10,0,0,2.0,35.2308,Low Risk,Low Spend,Approved; monitor annually
S0093,Zenith Systems,Philippines,Asia,Medium,15,Components,Tier 1,High,332515.32,2017-08-12,True,True,Limited,56.11,85.71,56.89,2025-10-11,Third-party Rating,True,2025-02-23,81.58,None,365.0,True,0.0,3,1.0,56.11,85.71,56.89,5,0,10,0,0,0.0,55.0504,Medium Risk,Medium Spend,Monitor quarterly; request additional evidence
S0094,Orion Holdings,Saudi Arabia,Middle East,Medium,15,Components,Tier 1,Medium,431171.12,2024-12-23,True,True,Limited,73.38,54.46,51.29,2024-02-12,Third-party Rating,False,,,,,False,3.0,3,1.0,73.38,54.46,51.29,2,0,10,0,0,6.0,69.1568,Medium Risk,Medium Spend,Monitor quarterly; request additional evidence
S0095,Cascade Materials,South Africa,Africa,Medium,15,IT Services,Tier 1,Low,205758.41,2016-01-19,True,True,Partial,69.41,52.97,76.67,2024-01-11,Supplier Questionnaire,False,,,,,False,0.0,3,1.0,69.41,52.97,76.67,0,0,4,0,0,6.0,53.092800000000004,Medium Risk,Low Spend,Monitor quarterly; request additional evidence
S0096,Helios Services,Turkey,Europe/Asia,Medium,15,Packaging,Tier 1,Medium,91905.75,2017-08-09,True,True,Full,,46.7,61.8,2024-01-15,Supplier Questionnaire,False,,,,,False,3.0,2,0.6666666666666666,72.38,46.7,61.8,2,0,0,0,0,6.0,59.177600000000005,Medium Risk,Low Spend,Monitor quarterly; request additional evidence
S0097,Eclipse Manufacturing,Mexico,Americas,Medium,15,Components,Tier 3,Low,1035395.52,2022-07-07,True,False,Partial,60.71,47.07,,2025-01-22,Third-party Rating,False,,,,,False,0.0,2,0.6666666666666666,60.71,47.07,69.62,0,8,4,0,5,6.0,73.1448,High Risk,High Spend,Prioritize for audit and mitigation plan
S0098,Aurora Partners,South Africa,Africa,Medium,15,Metals & Minerals,Tier 1,Medium,523097.79,2018-03-29,True,True,Full,67.09,64.07,72.14,2024-12-04,Third-party Rating,False,,,,,False,12.0,3,1.0,67.09,64.07,72.14,2,0,0,0,0,6.0,55.352000000000004,Medium Risk,Medium Spend,Monitor quarterly; request additional evidence
S0099,Novatek Materials,Spain,Europe,Low,5,Tools & Machinery,Tier 1,Medium,164178.91,2019-04-02,True,False,Partial,,77.57,61.37,2025-07-19,Internal Assessment,False,,,,,False,0.0,2,0.6666666666666666,70.45,77.57,61.37,2,0,4,0,5,2.0,45.357600000000005,Medium Risk,Low Spend,Monitor quarterly; request additional evidence
S0100,Helios Systems,Brazil,Americas,Medium,15,Logistics,Tier 1,Low,305488.58,2023-06-17,False,False,Partial,,62.45,71.93,2025-12-13,Third-party Rating,False,,,,,False,0.0,2,0.6666666666666666,67.71,62.45,71.93,0,0,4,12,5,6.0,68.2936,Medium Risk,Medium Spend,Request signature/commitment before continuation
S0101,Cobalt Components,Saudi Arabia,Middle East,Medium,15,Metals & Minerals,Tier 3,Low,503015.04,2022-07-28,True,True,Partial,69.73,66.1,60.81,2024-01-13,Internal Assessment,False,,,,,False,0.0,3,1.0,69.73,66.1,60.81,0,8,4,0,0,6.0,60.8264,Medium Risk,Medium Spend,Monitor quarterly; request additional evidence
S0102,Aurora Group,India,Asia,High,25,Logistics,Tier 1,High,362300.18,2021-09-05,True,True,Limited,56.26,71.77,52.32,2025-01-13,Third-party Rating,True,2025-06-22,88.93,None,365.0,False,0.0,3,1.0,56.26,71.77,52.32,5,0,10,0,0,0.0,67.5468,Medium Risk,Medium Spend,Monitor quarterly; request additional evidence
S0103,Lumen Manufacturing,Turkey,Europe/Asia,Medium,15,Tools & Machinery,Tier 1,Medium,294238.77,2018-08-25,True,True,Partial,56.61,47.39,71.48,2025-09-10,Third-party Rating,False,,,,,False,0.0,3,1.0,56.61,47.39,71.48,2,0,4,0,0,6.0,62.5696,Medium Risk,Medium Spend,Monitor quarterly; request additional evidence
S0104,Atlas Components,Australia,Oceania,Low,5,Metals & Minerals,Tier 1,Low,195921.32,2018-06-09,True,True,Partial,75.51,79.04,82.09,2024-11-30,Third-party Rating,True,2024-09-01,73.92,None,365.0,False,0.0,3,1.0,75.51,79.04,82.09,0,0,4,0,0,0.0,27.722399999999997,Low Risk,Low Spend,Approved; monitor annually
S0105,Meridian Group,South Korea,Asia,Low,5,Components,Tier 1,High,538627.56,2024-11-29,True,True,Partial,59.99,62.06,76.07,2025-06-29,Supplier Questionnaire,True,2024-12-19,96.57,None,365.0,True,0.0,3,1.0,59.99,62.06,76.07,5,0,4,0,0,0.0,45.7864,Medium Risk,Medium Spend,Monitor quarterly; request additional evidence
S0106,Vega Services,Tunisia,Africa,Medium,15,Consulting,Tier 2,Medium,181752.77,2022-04-22,True,False,Full,49.57,53.66,64.63,2025-11-30,Supplier Questionnaire,False,,,,,False,0.0,3,1.0,49.57,53.66,64.63,2,4,0,0,5,6.0,69.22480000000002,Medium Risk,Low Spend,Monitor quarterly; request additional evidence
S0107,Cascade Systems,Australia,Oceania,Low,5,Metals & Minerals,Tier 2,Low,307533.7,2021-10-06,True,True,Full,72.21,70.77,63.66,2024-05-22,Supplier Questionnaire,False,,,,,False,6.0,3,1.0,72.21,70.77,63.66,0,4,0,0,0,2.0,43.152,Medium Risk,Medium Spend,Monitor quarterly; request additional evidence
S0108,Atlas Systems,Spain,Europe,Low,5,Metals & Minerals,Tier 2,Low,973609.61,2020-12-02,True,True,Full,65.84,72.07,66.05,2025-07-24,Third-party Rating,False,,,,,False,3.0,3,1.0,65.84,72.07,66.05,0,4,0,0,0,2.0,42.000800000000005,Medium Risk,Medium Spend,Monitor quarterly; request additional evidence
S0109,Vega Supply,Australia,Oceania,Low,5,Logistics,Tier 3,Medium,174512.38,2018-10-21,True,True,Partial,57.89,67.96,74.48,2024-10-10,Internal Assessment,True,2025-04-18,55.26,None,365.0,True,0.0,3,1.0,57.89,67.96,74.48,2,8,4,0,0,3.6850000000000005,53.208200000000005,Medium Risk,Low Spend,Monitor quarterly; request additional evidence
S0110,Lumen Supply,Canada,Americas,Low,5,IT Services,Tier 3,High,85262.9,2016-03-29,True,True,Full,81.4,51.96,80.64,2024-09-08,Internal Assessment,False,,,,,False,0.0,3,1.0,81.4,51.96,80.64,5,8,0,0,0,2.0,48.3692,Medium Risk,Low Spend,Monitor quarterly; request additional evidence
S0111,Nimbus Materials,India,Asia,High,25,Metals & Minerals,Tier 1,Low,152016.35,2025-05-25,True,True,Partial,60.66,64.6,72.89,2025-05-31,Supplier Questionnaire,False,,,,,False,7.0,3,1.0,60.66,64.6,72.89,0,0,4,0,0,6.0,61.45040000000001,Medium Risk,Low Spend,Monitor quarterly; request additional evidence
S0112,Vega Systems,Canada,Americas,Low,5,Logistics,Tier 1,Medium,239420.8,2025-07-13,True,True,Limited,72.24,57.93,68.6,2025-11-30,Internal Assessment,True,2024-03-03,89.88,None,365.0,False,0.0,3,1.0,72.24,57.93,68.6,2,0,10,0,0,0.0,49.3988,Medium Risk,Low Spend,Monitor quarterly; request additional evidence
S0113,Meridian Manufacturing,Canada,Americas,Low,5,Packaging,Tier 1,Low,136111.51,2016-02-26,True,True,Partial,58.92,73.22,94.21,2024-02-25,Supplier Questionnaire,False,,,,,False,0.0,3,1.0,58.92,73.22,94.21,0,0,4,0,0,2.0,32.8172,Low Risk,Low Spend,Approved; monitor annually
S0114,Nimbus Logistics,New Zealand,Oceania,Low,5,Components,Tier 1,Low,633907.14,2025-04-11,False,False,Full,75.07,,60.44,2024-12-01,Supplier Questionnaire,False,,,,,False,0.0,2,0.6666666666666666,75.07,65.88,60.44,0,0,0,12,5,2.0,55.037600000000005,Medium Risk,Medium Spend,Request signature/commitment before continuation
S0115,Vega Logistics,India,Asia,High,25,Chemicals,Tier 1,Low,237658.51,2025-08-18,True,True,Partial,40.88,77.4,51.18,2024-02-06,Supplier Questionnaire,False,,,,,False,0.0,3,1.0,40.88,77.4,51.18,0,0,4,0,0,6.0,64.966,Medium Risk,Low Spend,Monitor quarterly; request additional evidence
S0116,Argent Industries,South Korea,Asia,Low,5,Components,Tier 3,Medium,219566.69,2024-07-10,True,True,Partial,66.33,70.37,73.34,2024-06-25,Third-party Rating,True,2024-03-07,76.19,None,365.0,True,3.0,3,1.0,66.33,70.37,73.34,2,8,4,0,0,0.0,48.2108,Medium Risk,Low Spend,Monitor quarterly; request additional evidence
S0117,Novatek Systems,Philippines,Asia,Medium,15,Facility,Tier 2,High,112425.91,2024-07-03,True,True,Limited,49.02,68.55,80.22,2024-02-23,Internal Assessment,True,2024-04-02,77.52,None,365.0,True,7.0,3,1.0,49.02,68.55,80.22,5,4,10,0,0,0.0,64.284,Medium Risk,Low Spend,Monitor quarterly; request additional evidence
S0118,Meridian Systems,United States,Americas,Low,5,IT Services,Tier 2,Medium,41175.69,2019-03-02,True,True,Partial,58.37,69.95,,2024-05-18,Internal Assessment,True,2024-09-17,92.42,None,365.0,False,0.0,2,0.6666666666666666,58.37,69.95,68.87,2,4,4,0,0,0.0,46.388,Medium Risk,Low Spend,Monitor quarterly; request additional evidence
S0119,Atlas Group,Malaysia,Asia,Medium,15,Metals & Minerals,Tier 2,Low,361209.51,2025-05-09,True,True,Limited,68.26,62.23,55.23,2024-12-14,Third-party Rating,True,2024-02-01,75.34,None,365.0,True,12.0,3,1.0,68.26,62.23,55.23,0,4,10,0,0,0.0,67.1716,Medium Risk,Medium Spend,Monitor quarterly; request additional evidence
S0120,Orion Logistics,United Kingdom,Europe,Low,5,Components,Tier 2,High,179755.17,2022-12-15,True,True,Full,77.88,57.46,83.48,2025-04-12,Internal Assessment,False,,,,,False,3.0,3,1.0,77.88,57.46,83.48,5,4,0,0,0,2.0,43.896,Medium Risk,Low Spend,Monitor quarterly; request additional evidence
S0121,Helios Materials,Saudi Arabia,Middle East,Medium,15,Consulting,Tier 3,Low,52163.13,2022-02-22,True,True,Partial,53.44,,77.36,2024-12-30,Supplier Questionnaire,True,2024-06-21,49.18,Minor,180.0,True,0.0,2,0.6666666666666666,53.44,61.12,77.36,0,8,4,0,0,12.205,68.2886,Medium Risk,Low Spend,Monitor quarterly; request additional evidence
S0122,Atlas Supply,Singapore,Asia,Low,5,Consulting,Tier 2,Medium,156445.21,2025-11-22,False,False,Limited,,71.42,53.13,2024-06-15,Supplier Questionnaire,False,,,,,False,0.0,2,0.6666666666666666,69.58,71.42,53.13,2,4,10,12,5,2.0,72.69800000000001,High Risk,Low Spend,Request signature/commitment before continuation
S0123,Nimbus Systems,United Arab Emirates,Middle East,Medium,15,Components,Tier 1,Low,375128.66,2024-10-07,True,True,Full,56.5,72.25,,2025-06-16,Supplier Questionnaire,False,,,,,False,6.0,2,0.6666666666666666,56.5,72.25,69.62,0,0,0,0,0,6.0,50.55159999999999,Medium Risk,Medium Spend,Monitor quarterly; request additional evidence
S0124,Novatek Systems,Morocco,Africa,Medium,15,Metals & Minerals,Tier 1,Low,143498.68,2023-05-27,True,True,Limited,62.48,63.15,56.14,2024-01-22,Internal Assessment,False,,,,,False,0.0,3,1.0,62.48,63.15,56.14,0,0,10,0,0,6.0,63.5308,Medium Risk,Low Spend,Monitor quarterly; request additional evidence
S0125,Alpine Logistics,Germany,Europe,Low,5,IT Services,Tier 1,Medium,387101.03,2019-08-05,True,True,Full,96.0,68.04,,2024-10-17,Internal Assessment,True,2024-02-18,86.74,None,365.0,False,0.0,2,0.6666666666666666,96.0,68.04,68.87,2,0,0,0,0,0.0,28.6156,Low Risk,Medium Spend,Approved; monitor annually
S0126,Argent Partners,China,Asia,High,25,Metals & Minerals,Tier 1,Low,831926.19,2018-12-07,True,True,Limited,54.52,42.87,43.57,2025-07-04,Supplier Questionnaire,True,2024-01-21,70.33,None,365.0,False,0.0,3,1.0,54.52,42.87,43.57,0,0,10,0,0,0.0,77.394,High Risk,Medium Spend,Prioritize for audit and mitigation plan
S0127,Aurora Industries,South Africa,Africa,Medium,15,Logistics,Tier 2,High,334206.02,2024-08-30,True,True,Partial,48.33,75.09,61.84,2025-02-15,Internal Assessment,False,,,,,False,0.0,3,1.0,48.33,75.09,61.84,5,4,4,0,0,6.0,63.8928,Medium Risk,Medium Spend,Monitor quarterly; request additional evidence
S0128,Eclipse Systems,South Korea,Asia,Low,5,Components,Tier 1,High,864139.72,2025-02-15,True,True,Partial,83.91,88.54,65.8,2024-06-24,Third-party Rating,True,2024-10-30,74.6,None,365.0,True,0.0,3,1.0,83.91,88.54,65.8,5,0,4,0,0,0.0,31.7832,Low Risk,Medium Spend,Approved; monitor annually
S0129,Novatek Systems,Morocco,Africa,Medium,15,Metals & Minerals,Tier 1,High,865012.42,2023-12-23,False,True,Full,,,61.34,2025-11-24,Internal Assessment,True,2025-06-09,69.47,Minor,180.0,False,0.0,1,0.3333333333333333,67.95,64.68,61.34,5,0,0,12,0,7.1325,67.8557,Medium Risk,Medium Spend,Request signature/commitment before continuation
S0130,Helios Partners,Malaysia,Asia,Medium,15,Logistics,Tier 1,Medium,3549031.09,2022-06-30,True,True,Partial,75.86,46.52,87.85,2025-02-27,Third-party Rating,False,,,,,False,12.0,3,1.0,75.86,46.52,87.85,2,0,4,0,0,6.0,58.8892,Medium Risk,High Spend,Monitor quarterly; request additional evidence
S0131,Aurora Materials,United States,Americas,Low,5,Logistics,Tier 2,Low,296761.03,2024-11-22,True,True,Partial,88.17,69.25,64.91,2025-10-14,Third-party Rating,False,,,,,False,0.0,3,1.0,88.17,69.25,64.91,0,4,4,0,0,2.0,39.5912,Low Risk,Medium Spend,Approved; monitor annually
S0132,Zenith Components,Spain,Europe,Low,5,Logistics,Tier 2,Low,232953.48,2019-05-18,True,True,Partial,58.7,84.93,69.35,2024-12-13,Supplier Questionnaire,False,,,,,False,0.0,3,1.0,58.7,84.93,69.35,0,4,4,0,0,2.0,40.15,Medium Risk,Low Spend,Monitor quarterly; request additional evidence
S0133,Cobalt Manufacturing,Indonesia,Asia,High,25,Components,Tier 1,Low,192952.09,2021-10-11,True,True,Partial,48.49,58.85,52.73,2024-08-30,Supplier Questionnaire,False,,,,,False,0.0,3,1.0,48.49,58.85,52.73,0,0,4,0,0,6.0,69.7592,Medium Risk,Low Spend,Monitor quarterly; request additional evidence
S0134,Meridian Systems,Singapore,Asia,Low,5,Components,Tier 1,Low,296262.89,2016-05-11,True,True,Partial,78.64,66.61,79.99,2024-02-21,Third-party Rating,True,2024-05-19,87.72,None,365.0,True,0.0,3,1.0,78.64,66.61,79.99,0,0,4,0,0,0.0,32.49000000000001,Low Risk,Medium Spend,Approved; monitor annually
S0135,Helios Manufacturing,Vietnam,Asia,High,25,Components,Tier 2,Low,1938965.78,2018-11-11,False,True,Partial,33.96,54.39,56.93,2024-08-30,Third-party Rating,True,2025-01-12,66.71,None,365.0,True,7.0,3,1.0,33.96,54.39,56.93,0,4,4,12,0,0.8225000000000016,88.9401,High Risk,High Spend,Request signature/commitment before continuation
S0136,Lumen Holdings,South Korea,Asia,Low,5,Tools & Machinery,Tier 1,Low,80390.01,2021-11-26,True,True,Full,79.04,83.44,84.67,2025-04-22,Supplier Questionnaire,False,,,,,False,0.0,3,1.0,79.04,83.44,84.67,0,0,0,0,0,2.0,22.1484,Low Risk,Low Spend,Approved; monitor annually
S0137,Zenith Supply,Thailand,Asia,Medium,15,Facility,Tier 1,Medium,111575.25,2017-04-08,True,True,Partial,51.21,68.84,65.46,2024-04-03,Supplier Questionnaire,False,,,,,False,0.0,3,1.0,51.21,68.84,65.46,2,0,4,0,0,6.0,57.428000000000004,Medium Risk,Low Spend,Monitor quarterly; request additional evidence
S0138,Nimbus Services,Australia,Oceania,Low,5,IT Services,Tier 2,Medium,330592.42,2021-03-21,True,True,Limited,69.18,76.28,43.97,2024-02-09,Supplier Questionnaire,False,,,,,False,0.0,3,1.0,69.18,76.28,43.97,2,4,10,0,0,2.0,56.7972,Medium Risk,Medium Spend,Monitor quarterly; request additional evidence
S0139,Orion Systems,Saudi Arabia,Middle East,Medium,15,Packaging,Tier 1,Low,91835.76,2022-03-23,True,True,Partial,58.13,,76.11,2025-06-25,Third-party Rating,True,2025-02-21,66.53,Minor,180.0,True,7.0,2,0.6666666666666666,58.13,64.11,76.11,0,0,4,0,0,7.8675,57.691900000000004,Medium Risk,Low Spend,Monitor quarterly; request additional evidence
S0140,Eclipse Industries,China,Asia,High,25,Metals & Minerals,Tier 2,Low,524193.74,2016-11-07,True,True,Limited,46.51,52.98,65.2,2024-08-09,Supplier Questionnaire,True,2025-10-24,65.63,Minor,180.0,True,0.0,3,1.0,46.51,52.98,65.2,0,4,10,0,0,8.092500000000001,80.7637,High Risk,Medium Spend,Prioritize for audit and mitigation plan
S0141,Nimbus Industries,Indonesia,Asia,High,25,Consulting,Tier 1,Medium,168797.91,2021-05-27,True,True,Limited,72.94,47.23,53.82,2024-09-27,Third-party Rating,True,2025-10-04,51.92,Major,30.0,True,12.0,3,1.0,72.94,47.23,53.82,2,0,10,0,0,19.52,95.33239999999999,High Risk,Low Spend,Immediate corrective action + 30-day follow-up
S0142,Helios Services,Brazil,Americas,Medium,15,IT Services,Tier 1,Medium,96637.27,2022-05-15,True,True,Full,73.62,82.52,56.52,2025-04-27,Third-party Rating,True,2024-10-26,62.18,None,365.0,True,3.0,3,1.0,73.62,82.52,56.52,2,0,0,0,0,1.955,42.147,Medium Risk,Low Spend,Monitor quarterly; request additional evidence
S0143,Zenith Holdings,Australia,Oceania,Low,5,Logistics,Tier 1,Low,32205.29,2023-12-12,True,True,Partial,75.85,,68.53,2025-07-23,Third-party Rating,False,,,,,False,0.0,2,0.6666666666666666,75.85,65.365,68.53,0,0,4,0,0,2.0,39.436400000000006,Low Risk,Low Spend,Approved; monitor annually
S0144,Aurora Logistics,Philippines,Asia,Medium,15,IT Services,Tier 1,Medium,188935.97,2018-09-15,True,True,Full,74.23,71.82,,2024-01-31,Supplier Questionnaire,True,2024-07-22,71.11,None,365.0,True,0.0,2,0.6666666666666666,74.23,71.82,68.87,2,0,0,0,0,0.0,38.699200000000005,Low Risk,Low Spend,Approved; monitor annually
S0145,Alpine Supply,Turkey,Europe/Asia,Medium,15,Components,Tier 1,Low,189935.68,2016-04-02,True,True,Partial,75.5,46.96,79.47,2025-07-08,Internal Assessment,False,,,,,False,0.0,3,1.0,75.5,46.96,79.47,0,0,4,0,0,6.0,52.8956,Medium Risk,Low Spend,Monitor quarterly; request additional evidence
S0146,Vega Holdings,Taiwan,Asia,Low,5,Logistics,Tier 1,Low,148480.79,2025-08-14,True,True,Full,65.02,71.4,69.39,2025-01-06,Internal Assessment,False,,,,,False,0.0,3,1.0,65.02,71.4,69.39,0,0,0,0,0,2.0,35.7796,Low Risk,Low Spend,Approved; monitor annually
S0147,Nimbus Manufacturing,Germany,Europe,Low,5,Tools & Machinery,Tier 1,Medium,536299.03,2020-02-01,True,True,Partial,81.07,68.8,80.81,2025-06-05,Third-party Rating,False,,,,,False,0.0,3,1.0,81.07,68.8,80.81,2,0,4,0,0,2.0,34.6712,Low Risk,Medium Spend,Approved; monitor annually
S0148,Lumen Holdings,Philippines,Asia,Medium,15,Packaging,Tier 1,Medium,325332.87,2017-09-24,True,True,Full,77.88,74.79,71.33,2025-05-22,Third-party Rating,True,2024-08-24,70.48,None,365.0,True,0.0,3,1.0,77.88,74.79,71.33,2,0,0,0,0,0.0,35.702,Low Risk,Medium Spend,Approved; monitor annually
S0149,Novatek Materials,China,Asia,High,25,Logistics,Tier 1,Low,111306.59,2021-06-27,False,True,Full,69.66,60.06,65.55,2024-05-22,Supplier Questionnaire,True,2024-12-02,66.59,Minor,180.0,False,0.0,3,1.0,69.66,60.06,65.55,0,0,0,12,0,7.852499999999999,69.0977,Medium Risk,Low Spend,Request signature/commitment before continuation
S0150,Argent Components,Singapore,Asia,Low,5,Components,Tier 1,Low,212308.14,2023-02-21,True,True,Partial,68.83,55.41,65.0,2025-12-15,Supplier Questionnaire,False,,,,,False,0.0,3,1.0,68.83,55.41,65.0,0,0,4,0,0,2.0,46.513600000000004,Medium Risk,Low Spend,Monitor quarterly; request additional evidence
S0151,Cobalt Supply,Vietnam,Asia,High,25,Logistics,Tier 2,Low,50451.81,2025-07-17,True,True,Partial,64.4,65.35,65.12,2025-11-22,Supplier Questionnaire,False,,,,,False,0.0,3,1.0,64.4,65.35,65.12,0,4,4,0,0,6.0,62.7396,Medium Risk,Low Spend,Monitor quarterly; request additional evidence
S0152,Atlas Materials,Australia,Oceania,Low,5,Components,Tier 1,Low,746198.49,2023-05-17,True,True,Partial,91.74,42.3,75.33,2024-04-29,Internal Assessment,False,,,,,False,3.0,3,1.0,91.74,42.3,75.33,0,0,4,0,0,2.0,43.687200000000004,Medium Risk,Medium Spend,Monitor quarterly; request additional evidence
S0153,Nimbus Holdings,United Arab Emirates,Middle East,Medium,15,Consulting,Tier 1,Medium,888886.61,2020-03-11,True,True,Full,75.96,75.19,,2025-09-04,Supplier Questionnaire,False,,,,,False,0.0,2,0.6666666666666666,75.96,75.19,66.98,2,0,0,0,0,6.0,43.4716,Medium Risk,Medium Spend,Monitor quarterly; request additional evidence
S0154,Eclipse Systems,Tunisia,Africa,Medium,15,Logistics,Tier 1,Low,371748.27,2018-06-23,True,True,Full,68.28,64.28,76.09,2024-06-20,Supplier Questionnaire,False,,,,,False,0.0,3,1.0,68.28,64.28,76.09,0,0,0,0,0,6.0,45.070800000000006,Medium Risk,Medium Spend,Monitor quarterly; request additional evidence
S0155,Orion Components,Italy,Europe,Low,5,Logistics,Tier 1,Medium,448439.44,2016-02-22,True,False,Partial,83.9,,76.51,2024-02-07,Supplier Questionnaire,False,,,,,False,0.0,2,0.6666666666666666,83.9,65.365,76.51,2,0,4,0,5,2.0,41.6288,Medium Risk,Medium Spend,Monitor quarterly; request additional evidence
S0156,Zenith Systems,Italy,Europe,Low,5,Metals & Minerals,Tier 1,Medium,203276.38,2017-02-27,True,True,Full,75.5,92.83,78.36,2025-09-21,Supplier Questionnaire,True,2025-05-05,77.9,None,365.0,True,0.0,3,1.0,75.5,92.83,78.36,2,0,0,0,0,0.0,21.402800000000003,Low Risk,Low Spend,Approved; monitor annually
S0157,Vega Services,China,Asia,High,25,Packaging,Tier 1,Medium,232130.63,2020-09-26,True,False,Partial,67.92,52.69,40.62,2024-04-06,Supplier Questionnaire,True,2025-06-23,49.5,None,365.0,True,0.0,3,1.0,67.92,52.69,40.62,2,0,4,0,5,5.125,76.783,High Risk,Low Spend,Prioritize for audit and mitigation plan
S0158,Vega Industries,Australia,Oceania,Low,5,Consulting,Tier 1,Low,302460.89,2016-12-23,True,True,Partial,85.97,57.59,66.89,2025-09-28,Third-party Rating,True,2025-09-24,96.36,None,365.0,True,0.0,3,1.0,85.97,57.59,66.89,0,0,4,0,0,0.0,38.2376,Low Risk,Medium Spend,Approved; monitor annually
S0159,Cascade Supply,Morocco,Africa,Medium,15,Logistics,Tier 1,Low,12173.13,2017-09-24,True,True,Full,79.6,,78.15,2025-02-21,Internal Assessment,False,,,,,False,12.0,2,0.6666666666666666,79.6,65.365,78.15,0,0,0,0,0,6.0,47.40800000000001,Medium Risk,Low Spend,Monitor quarterly; request additional evidence
S0160,Meridian Holdings,Philippines,Asia,Medium,15,Logistics,Tier 1,Medium,71717.49,2020-05-02,False,True,Full,,61.84,58.24,2024-07-28,Supplier Questionnaire,True,2024-04-02,84.84,None,365.0,True,0.0,2,0.6666666666666666,67.71,61.84,58.24,2,0,0,12,0,0.0,59.918400000000005,Medium Risk,Low Spend,Request signature/commitment before continuation
S0161,Cascade Services,Malaysia,Asia,Medium,15,Components,Tier 2,Low,1123396.76,2022-05-07,False,True,Limited,53.71,41.77,39.3,2025-06-18,Internal Assessment,True,2025-11-21,75.72,Minor,180.0,False,0.0,3,1.0,53.71,41.77,39.3,0,4,10,12,0,7.0,96.92720000000001,High Risk,High Spend,Request signature/commitment before continuation
S0162,Vega Materials,South Korea,Asia,Low,5,Metals & Minerals,Tier 2,Low,96937.85,2016-06-14,True,False,Partial,83.13,59.78,,2025-07-26,Supplier Questionnaire,False,,,,,False,0.0,2,0.6666666666666666,83.13,59.78,67.18,0,4,4,0,5,2.0,49.064,Medium Risk,Low Spend,Monitor quarterly; request additional evidence
S0163,Lumen Services,Morocco,Africa,Medium,15,Components,Tier 1,Low,1134242.96,2021-01-10,True,True,Partial,63.64,44.51,59.95,2024-02-11,Internal Assessment,True,2024-07-12,65.86,None,365.0,False,0.0,3,1.0,63.64,44.51,59.95,0,0,4,0,0,1.0350000000000001,58.4778,Medium Risk,High Spend,Monitor quarterly; request additional evidence
S0164,Vega Materials,Germany,Europe,Low,5,Components,Tier 1,Low,113523.78,2024-07-23,True,True,Limited,85.36,77.49,68.62,2025-04-13,Supplier Questionnaire,True,2025-11-12,89.94,None,365.0,True,0.0,3,1.0,85.36,77.49,68.62,0,0,10,0,0,0.0,35.894800000000004,Low Risk,Low Spend,Approved; monitor annually
S0165,Orion Holdings,Turkey,Europe/Asia,Medium,15,Metals & Minerals,Tier 2,High,222067.16,2016-09-14,True,True,Partial,78.17,80.38,64.76,2025-07-02,Internal Assessment,True,2024-06-08,81.41,None,365.0,False,3.0,3,1.0,78.17,80.38,64.76,5,4,4,0,0,0.0,48.1372,Medium Risk,Low Spend,Monitor quarterly; request additional evidence
S0166,Cascade Systems,South Korea,Asia,Low,5,Tools & Machinery,Tier 1,Low,518212.23,2022-06-02,True,True,Partial,61.74,67.47,71.25,2024-07-20,Internal Assessment,False,,,,,False,0.0,3,1.0,61.74,67.47,71.25,0,0,4,0,0,2.0,41.674800000000005,Medium Risk,Medium Spend,Monitor quarterly; request additional evidence
S0167,Atlas Manufacturing,Vietnam,Asia,High,25,Metals & Minerals,Tier 2,Low,321830.44,2025-05-24,True,True,Limited,61.44,55.42,55.3,2024-05-10,Supplier Questionnaire,True,2024-11-19,80.5,None,365.0,True,3.0,3,1.0,61.44,55.42,55.3,0,4,10,0,0,0.0,72.3328,High Risk,Medium Spend,Prioritize for audit and mitigation plan
S0168,Cascade Partners,United States,Americas,Low,5,Components,Tier 1,Low,263078.17,2021-10-01,True,True,Partial,,89.16,70.48,2025-05-29,Internal Assessment,False,,,,,False,0.0,2,0.6666666666666666,69.185,89.16,70.48,0,0,4,0,0,2.0,31.160600000000002,Low Risk,Medium Spend,Approved; monitor annually
S0169,Argent Holdings,France,Europe,Low,5,IT Services,Tier 2,Medium,492029.78,2020-07-30,True,True,Full,53.54,56.85,61.53,2024-05-29,Internal Assessment,False,,,,,False,0.0,3,1.0,53.54,56.85,61.53,2,4,0,0,0,2.0,53.3292,Medium Risk,Medium Spend,Monitor quarterly; request additional evidence
S0170,Vega Logistics,United Arab Emirates,Middle East,Medium,15,Tools & Machinery,Tier 2,Low,113061.37,2021-06-14,True,True,Limited,57.5,41.03,59.85,2024-07-28,Supplier Questionnaire,True,2024-03-16,78.48,Minor,180.0,True,0.0,3,1.0,57.5,41.03,59.85,0,4,10,0,0,7.0,77.586,High Risk,Low Spend,Prioritize for audit and mitigation plan
S0171,Cascade Components,Singapore,Asia,Low,5,Facility,Tier 1,Low,144144.55,2025-08-09,True,True,Partial,,71.83,69.5,2024-02-25,Supplier Questionnaire,False,,,,,False,0.0,2,0.6666666666666666,67.09,71.83,69.5,0,0,4,0,0,2.0,38.9928,Low Risk,Low Spend,Approved; monitor annually
S0172,Nimbus Materials,Morocco,Africa,Medium,15,IT Services,Tier 1,Low,260577.02,2025-01-17,True,True,Partial,70.77,64.0,71.67,2024-03-08,Supplier Questionnaire,True,2025-12-03,67.67,None,365.0,True,0.0,3,1.0,70.77,64.0,71.67,0,0,4,0,0,0.5824999999999996,44.4825,Medium Risk,Medium Spend,Monitor quarterly; request additional evidence
S0173,Meridian Supply,Saudi Arabia,Middle East,Medium,15,Components,Tier 2,High,609708.07,2016-09-16,True,True,Partial,83.73,79.09,56.3,2024-01-12,Internal Assessment,False,,,,,False,0.0,3,1.0,83.73,79.09,56.3,5,4,4,0,0,6.0,54.1536,Medium Risk,Medium Spend,Monitor quarterly; request additional evidence
S0174,Orion Group,South Korea,Asia,Low,5,Chemicals,Tier 2,Low,84062.97,2019-03-10,True,True,Limited,78.3,82.28,,2025-03-21,Third-party Rating,False,,,,,False,12.0,2,0.6666666666666666,78.3,82.28,68.025,0,4,10,0,0,2.0,48.746,Medium Risk,Low Spend,Monitor quarterly; request additional evidence
S0175,Eclipse Services,Germany,Europe,Low,5,Consulting,Tier 1,Low,101570.48,2017-03-07,True,True,Full,63.77,59.99,87.16,2025-11-22,Supplier Questionnaire,False,,,,,False,0.0,3,1.0,63.77,59.99,87.16,0,0,0,0,0,2.0,35.007200000000005,Low Risk,Low Spend,Approved; monitor annually
S0176,Atlas Materials,Canada,Americas,Low,5,Components,Tier 1,Low,706542.78,2022-12-18,True,True,Partial,77.71,68.42,78.49,2025-03-04,Internal Assessment,False,,,,,False,0.0,3,1.0,77.71,68.42,78.49,0,0,4,0,0,2.0,34.506400000000006,Low Risk,Medium Spend,Approved; monitor annually
S0177,Vega Industries,Spain,Europe,Low,5,Metals & Minerals,Tier 3,Low,477994.42,2023-05-07,True,True,Partial,79.47,79.04,67.94,2025-03-01,Third-party Rating,True,2025-08-23,80.01,Minor,180.0,False,0.0,3,1.0,79.47,79.04,67.94,0,8,4,0,0,7.0,46.141600000000004,Medium Risk,Medium Spend,Monitor quarterly; request additional evidence
S0178,Helios Logistics,New Zealand,Oceania,Low,5,Metals & Minerals,Tier 1,Medium,457850.04,2024-01-11,True,True,Partial,,67.07,61.39,2025-11-30,Supplier Questionnaire,False,,,,,False,0.0,2,0.6666666666666666,67.95,67.07,61.39,2,0,4,0,0,2.0,45.251200000000004,Medium Risk,Medium Spend,Monitor quarterly; request additional evidence
S0179,Meridian Manufacturing,Canada,Americas,Low,5,Components,Tier 1,Low,184473.55,2023-07-02,True,True,Full,86.24,66.99,83.08,2025-12-14,Supplier Questionnaire,False,,,,,False,0.0,3,1.0,86.24,66.99,83.08,0,0,0,0,0,2.0,27.221200000000003,Low Risk,Low Spend,Approved; monitor annually
S0180,Atlas Components,Philippines,Asia,Medium,15,Logistics,Tier 2,Medium,88374.28,2024-01-23,True,True,Full,,51.63,67.73,2025-06-30,Internal Assessment,True,2025-01-13,48.34,Minor,180.0,True,3.0,2,0.6666666666666666,67.71,51.63,67.73,2,4,0,0,0,12.415,67.03059999999999,Medium Risk,Low Spend,Monitor quarterly; request additional evidence
S0181,Eclipse Partners,Indonesia,Asia,High,25,Packaging,Tier 2,Low,136047.56,2019-09-19,False,True,Partial,58.69,61.91,49.07,2025-06-12,Supplier Questionnaire,True,2025-02-28,59.73,None,365.0,False,0.0,3,1.0,58.69,61.91,49.07,0,4,4,12,0,2.567500000000001,79.4179,High Risk,Low Spend,Request signature/commitment before continuation
S0182,Atlas Supply,Thailand,Asia,Medium,15,Metals & Minerals,Tier 2,Low,334302.09,2023-10-04,True,True,Partial,49.93,62.19,66.22,2025-03-23,Third-party Rating,False,,,,,False,0.0,3,1.0,49.93,62.19,66.22,0,4,4,0,0,6.0,62.20320000000001,Medium Risk,Medium Spend,Monitor quarterly; request additional evidence
S0183,Atlas Partners,Morocco,Africa,Medium,15,Components,Tier 2,Low,471472.63,2024-07-30,True,True,Full,53.08,70.28,64.47,2024-05-25,Internal Assessment,True,2025-06-16,92.77,None,365.0,False,0.0,3,1.0,53.08,70.28,64.47,0,4,0,0,0,0.0,48.6452,Medium Risk,Medium Spend,Monitor quarterly; request additional evidence
S0184,Zenith Materials,Turkey,Europe/Asia,Medium,15,Chemicals,Tier 1,Medium,138447.42,2020-04-14,True,True,Partial,71.63,69.31,75.11,2024-01-11,Supplier Questionnaire,False,,,,,False,0.0,3,1.0,71.63,69.31,75.11,2,0,4,0,0,6.0,48.4344,Medium Risk,Low Spend,Monitor quarterly; request additional evidence
S0185,Atlas Logistics,Germany,Europe,Low,5,Facility,Tier 3,Low,204751.06,2017-01-11,True,True,Limited,59.16,,55.75,2024-02-15,Supplier Questionnaire,False,,,,,False,0.0,2,0.6666666666666666,59.16,66.305,55.75,0,8,10,0,0,2.0,61.8232,Medium Risk,Low Spend,Monitor quarterly; request additional evidence
S0186,Cascade Industries,Vietnam,Asia,High,25,Components,Tier 2,Low,583468.73,2025-01-07,True,True,Full,51.68,76.46,60.29,2025-03-18,Supplier Questionnaire,True,2025-05-25,49.84,Major,30.0,False,22.0,3,1.0,51.68,76.46,60.29,0,4,0,0,0,20.04,85.5428,High Risk,Medium Spend,Immediate corrective action + 30-day follow-up
S0187,Nimbus Services,Australia,Oceania,Low,5,IT Services,Tier 1,Medium,462491.31,2019-03-14,True,True,Partial,69.2,73.87,,2025-11-11,Supplier Questionnaire,True,2025-06-03,58.32,Minor,180.0,True,0.0,2,0.6666666666666666,69.2,73.87,68.87,2,0,4,0,0,9.92,47.7076,Medium Risk,Medium Spend,Monitor quarterly; request additional evidence
S0188,Helios Group,United Kingdom,Europe,Low,5,Packaging,Tier 1,High,264820.28,2024-12-12,True,True,Partial,80.72,55.19,78.86,2025-03-26,Supplier Questionnaire,False,,,,,False,3.0,3,1.0,80.72,55.19,78.86,5,0,4,0,0,2.0,45.4872,Medium Risk,Medium Spend,Monitor quarterly; request additional evidence
S0189,Cobalt Holdings,Philippines,Asia,Medium,15,Consulting,Tier 1,Low,210940.86,2025-07-01,True,True,Full,77.69,75.65,65.13,2024-09-27,Third-party Rating,False,,,,,False,0.0,3,1.0,77.69,75.65,65.13,0,0,0,0,0,6.0,41.3952,Medium Risk,Low Spend,Monitor quarterly; request additional evidence
S0190,Nimbus Logistics,South Korea,Asia,Low,5,Packaging,Tier 2,Low,124662.66,2021-09-24,True,True,Partial,72.38,69.85,79.9,2025-01-27,Supplier Questionnaire,False,,,,,False,0.0,3,1.0,72.38,69.85,79.9,0,4,4,0,0,2.0,38.9756,Low Risk,Low Spend,Approved; monitor annually
S0191,Lumen Materials,Malaysia,Asia,Medium,15,Consulting,Tier 3,Low,54975.37,2018-12-06,True,True,Limited,53.14,42.43,60.73,2025-07-28,Internal Assessment,True,2024-06-25,62.95,Minor,180.0,False,3.0,3,1.0,53.14,42.43,60.73,0,8,10,0,0,8.7625,85.37770000000002,High Risk,Low Spend,Prioritize for audit and mitigation plan
S0192,Atlas Services,Switzerland,Europe,Low,5,Metals & Minerals,Tier 2,Medium,1623099.66,2019-04-14,True,True,Partial,79.22,93.7,66.24,2024-06-30,Supplier Questionnaire,True,2024-12-18,75.2,None,365.0,False,0.0,3,1.0,79.22,93.7,66.24,2,4,4,0,0,0.0,31.891600000000004,Low Risk,High Spend,Approved; monitor annually
S0193,Helios Holdings,Tunisia,Africa,Medium,15,Consulting,Tier 1,Low,411057.63,2023-11-29,True,True,Partial,62.94,85.63,87.93,2025-11-14,Supplier Questionnaire,True,2025-07-01,81.98,None,365.0,True,0.0,3,1.0,62.94,85.63,87.93,0,0,4,0,0,0.0,32.2372,Low Risk,Medium Spend,Approved; monitor annually
S0194,Cobalt Partners,Spain,Europe,Low,5,Logistics,Tier 1,Medium,306609.48,2023-11-22,True,True,Partial,67.33,65.25,60.04,2024-01-16,Third-party Rating,False,,,,,False,0.0,3,1.0,67.33,65.25,60.04,2,0,4,0,0,2.0,46.5848,Medium Risk,Medium Spend,Monitor quarterly; request additional evidence
S0195,Argent Manufacturing,Tunisia,Africa,Medium,15,Tools & Machinery,Tier 1,Medium,354569.6,2016-07-29,True,True,Partial,69.25,41.96,69.88,2025-11-07,Supplier Questionnaire,True,2024-03-11,74.49,None,365.0,True,0.0,3,1.0,69.25,41.96,69.88,2,0,4,0,0,0.0,55.714400000000005,Medium Risk,Medium Spend,Monitor quarterly; request additional evidence
S0196,Lumen Services,United States,Americas,Low,5,Metals & Minerals,Tier 2,Low,148469.52,2021-06-28,True,True,Full,,71.02,,2024-10-26,Supplier Questionnaire,False,,,,,False,0.0,1,0.3333333333333333,67.95,71.02,67.18,0,4,0,0,0,2.0,39.8184,Low Risk,Low Spend,Approved; monitor annually
S0197,Meridian Systems,Japan,Asia,Low,5,Components,Tier 1,Low,781173.96,2019-07-04,True,True,Partial,62.43,80.76,73.49,2024-02-21,Supplier Questionnaire,False,,,,,False,0.0,3,1.0,62.43,80.76,73.49,0,0,4,0,0,2.0,35.4488,Low Risk,Medium Spend,Approved; monitor annually
S0198,Alpine Services,United Kingdom,Europe,Low,5,Chemicals,Tier 1,Low,144690.77,2017-03-03,True,True,Partial,72.2,77.51,,2025-10-05,Third-party Rating,False,,,,,False,0.0,2,0.6666666666666666,72.2,77.51,68.025,0,0,4,0,0,2.0,35.76199999999999,Low Risk,Low Spend,Approved; monitor annually
S0199,Nimbus Manufacturing,Thailand,Asia,Medium,15,Logistics,Tier 1,High,362343.81,2022-03-06,True,False,Full,75.71,77.62,66.02,2024-08-14,Third-party Rating,True,2025-07-16,71.35,None,365.0,True,0.0,3,1.0,75.71,77.62,66.02,5,0,0,0,5,0.0,44.8768,Medium Risk,Medium Spend,Monitor quarterly; request additional evidence
S0200,Cobalt Systems,Vietnam,Asia,High,25,Packaging,Tier 1,Medium,103675.42,2017-01-04,True,True,Full,56.88,60.2,51.06,2025-01-25,Supplier Questionnaire,True,2024-06-02,45.46,Minor,180.0,False,0.0,3,1.0,56.88,60.2,51.06,2,0,0,0,0,13.135,72.5394,High Risk,Low Spend,Prioritize for audit and mitigation plan
S0201,Nimbus Partners,Vietnam,Asia,High,25,Components,Tier 2,Medium,370241.84,2016-09-22,True,True,Limited,44.49,40.13,59.34,2024-08-12,Third-party Rating,True,2024-10-25,64.6,None,365.0,False,0.0,3,1.0,44.49,40.13,59.34,2,4,10,0,0,1.3500000000000014,83.602,High Risk,Medium Spend,Prioritize for audit and mitigation plan
S0202,Atlas Partners,Australia,Oceania,Low,5,Metals & Minerals,Tier 1,Low,238685.68,2024-03-18,True,True,Partial,80.47,57.25,63.73,2025-01-04,Third-party Rating,True,2025-07-23,69.77,None,365.0,True,0.0,3,1.0,80.47,57.25,63.73,0,0,4,0,0,0.057500000000000995,40.98230000000001,Medium Risk,Low Spend,Monitor quarterly; request additional evidence
S0203,Vega Partners,New Zealand,Oceania,Low,5,Components,Tier 1,Low,245641.08,2016-11-05,False,True,Partial,72.7,56.78,69.58,2024-05-21,Supplier Questionnaire,False,,,,,False,0.0,3,1.0,72.7,56.78,69.58,0,0,4,12,0,2.0,55.4164,Medium Risk,Low Spend,Request signature/commitment before continuation
S0204,Vega Services,Germany,Europe,Low,5,Logistics,Tier 1,High,313527.88,2025-11-10,True,True,Partial,98.0,77.01,84.62,2025-09-03,Third-party Rating,True,2025-11-04,87.21,None,365.0,True,0.0,3,1.0,98.0,77.01,84.62,5,0,4,0,0,0.0,26.427599999999998,Low Risk,Medium Spend,Approved; monitor annually
S0205,Aurora Systems,Saudi Arabia,Middle East,Medium,15,Tools & Machinery,Tier 1,High,179870.7,2024-02-14,True,False,Partial,74.2,,85.51,2024-04-27,Internal Assessment,True,2025-03-08,71.96,None,365.0,False,0.0,2,0.6666666666666666,74.2,67.47,85.51,5,0,4,0,5,0.0,47.1228,Medium Risk,Low Spend,Monitor quarterly; request additional evidence
S0206,Aurora Manufacturing,United States,Americas,Low,5,Facility,Tier 1,Medium,52787.46,2025-06-19,True,True,Full,63.69,59.15,82.81,2025-05-21,Supplier Questionnaire,False,,,,,False,0.0,3,1.0,63.69,59.15,82.81,2,0,0,0,0,2.0,38.757600000000004,Low Risk,Low Spend,Approved; monitor annually
S0207,Cobalt Manufacturing,Canada,Americas,Low,5,Chemicals,Tier 2,Low,77864.52,2023-10-07,True,True,Partial,67.83,64.46,81.78,2025-01-10,Supplier Questionnaire,False,,,,,False,0.0,3,1.0,67.83,64.46,81.78,0,4,4,0,0,2.0,41.804,Medium Risk,Low Spend,Monitor quarterly; request additional evidence
S0208,Nimbus Materials,United States,Americas,Low,5,Components,Tier 1,High,482966.84,2021-07-31,True,False,Full,85.18,68.63,78.82,2024-09-15,Supplier Questionnaire,False,,,,,False,6.0,3,1.0,85.18,68.63,78.82,5,0,0,0,5,2.0,41.5252,Medium Risk,Medium Spend,Monitor quarterly; request additional evidence
S0209,Helios Industries,Singapore,Asia,Low,5,Components,Tier 1,Low,711111.88,2017-02-09,True,True,Full,72.83,67.3,99.84,2024-06-28,Third-party Rating,True,2025-03-17,49.84,None,365.0,True,0.0,3,1.0,72.83,67.3,99.84,0,0,0,0,0,5.039999999999999,28.5288,Low Risk,Medium Spend,Approved; monitor annually
S0210,Meridian Holdings,Brazil,Americas,Medium,15,Consulting,Tier 2,Low,121726.29,2020-12-03,False,False,Limited,68.33,56.25,43.66,2024-06-19,Supplier Questionnaire,True,2025-02-12,86.91,None,365.0,True,0.0,3,1.0,68.33,56.25,43.66,0,4,10,12,5,0.0,83.6464,High Risk,Low Spend,Request signature/commitment before continuation
S0211,Alpine Supply,Taiwan,Asia,Low,5,Components,Tier 2,Low,299877.08,2016-07-24,True,True,Full,82.21,93.06,60.73,2025-01-29,Supplier Questionnaire,False,,,,,False,0.0,3,1.0,82.21,93.06,60.73,0,4,0,0,0,2.0,29.073600000000003,Low Risk,Medium Spend,Approved; monitor annually
S0212,Meridian Systems,Tunisia,Africa,Medium,15,Logistics,Tier 3,Low,83976.32,2017-03-09,True,True,Partial,44.2,72.03,73.5,2024-05-05,Supplier Questionnaire,False,,,,,False,0.0,3,1.0,44.2,72.03,73.5,0,8,4,0,0,6.0,61.542,Medium Risk,Low Spend,Monitor quarterly; request additional evidence
S0213,Zenith Group,Japan,Asia,Low,5,Packaging,Tier 1,Medium,210696.68,2023-06-16,True,False,Partial,48.64,71.04,74.95,2025-01-23,Internal Assessment,False,,,,,False,7.0,3,1.0,48.64,71.04,74.95,2,0,4,0,5,2.0,53.580799999999996,Medium Risk,Low Spend,Monitor quarterly; request additional evidence
S0214,Cobalt Partners,Morocco,Africa,Medium,15,Metals & Minerals,Tier 1,Medium,184734.07,2021-10-30,True,True,Partial,,68.02,61.75,2024-03-26,Internal Assessment,True,2024-05-08,29.03,Major,30.0,False,0.0,2,0.6666666666666666,67.95,68.02,61.75,2,0,4,0,0,25.2425,73.4985,High Risk,Low Spend,Immediate corrective action + 30-day follow-up
S0215,Atlas Partners,Mexico,Americas,Medium,15,Chemicals,Tier 2,Medium,126813.52,2018-11-08,True,True,Partial,57.05,57.1,58.04,2024-10-13,Supplier Questionnaire,True,2025-08-16,58.49,Minor,180.0,True,3.0,3,1.0,57.05,57.1,58.04,2,4,4,0,0,9.8775,72.3907,High Risk,Low Spend,Prioritize for audit and mitigation plan
S0216,Atlas Manufacturing,Morocco,Africa,Medium,15,Facility,Tier 1,Low,224441.28,2024-09-05,True,True,Full,75.51,63.41,73.59,2025-01-05,Supplier Questionnaire,True,2025-07-13,72.97,None,365.0,True,0.0,3,1.0,75.51,63.41,73.59,0,0,0,0,0,0.0,38.1944,Low Risk,Low Spend,Approved; monitor annually
S0217,Vega Logistics,Vietnam,Asia,High,25,Packaging,Tier 2,Low,165504.73,2016-09-26,True,True,Full,57.0,55.4,,2025-04-03,Third-party Rating,True,2025-11-11,62.71,Minor,180.0,True,0.0,2,0.6666666666666666,57.0,55.4,69.13,0,4,0,0,0,8.8225,66.3309,Medium Risk,Low Spend,Monitor quarterly; request additional evidence
S0218,Atlas Services,Indonesia,Asia,High,25,Components,Tier 2,Low,307432.97,2021-07-14,True,True,Limited,46.88,,62.54,2024-01-08,Third-party Rating,True,2024-04-08,70.6,None,365.0,True,10.0,2,0.6666666666666666,46.88,65.88,62.54,0,4,10,0,0,0.0,73.75880000000001,High Risk,Medium Spend,Prioritize for audit and mitigation plan
S0219,Vega Manufacturing,Japan,Asia,Low,5,Metals & Minerals,Tier 1,Low,365150.73,2022-04-16,True,True,Partial,77.81,92.1,79.35,2025-09-07,Internal Assessment,True,2025-01-13,71.58,None,365.0,False,0.0,3,1.0,77.81,92.1,79.35,0,0,4,0,0,0.0,22.731200000000005,Low Risk,Medium Spend,Approved; monitor annually
S0220,Orion Partners,Mexico,Americas,Medium,15,Consulting,Tier 2,Medium,206051.15,2022-12-14,True,True,Partial,69.89,36.97,65.32,2025-07-31,Supplier Questionnaire,True,2024-10-23,62.64,None,365.0,True,0.0,3,1.0,69.89,36.97,65.32,2,4,4,0,0,1.8399999999999999,64.83040000000001,Medium Risk,Low Spend,Monitor quarterly; request additional evidence
S0221,Argent Supply,Malaysia,Asia,Medium,15,Facility,Tier 2,Low,774541.9,2021-11-02,True,True,Partial,52.81,59.56,59.8,2024-10-10,Internal Assessment,True,2024-10-06,68.97,Minor,180.0,False,0.0,3,1.0,52.81,59.56,59.8,0,4,4,0,0,7.2575,65.7607,Medium Risk,Medium Spend,Monitor quarterly; request additional evidence
S0222,Meridian Manufacturing,United States,Americas,Low,5,Metals & Minerals,Tier 1,Low,193799.48,2025-01-02,True,True,Partial,74.36,67.69,84.47,2025-01-30,Supplier Questionnaire,True,2024-05-04,95.59,None,365.0,True,0.0,3,1.0,74.36,67.69,84.47,0,0,4,0,0,0.0,31.8228,Low Risk,Low Spend,Approved; monitor annually
S0223,Cobalt Partners,Australia,Oceania,Low,5,Chemicals,Tier 2,Medium,797568.83,2018-10-09,True,True,Limited,63.93,70.54,77.8,2024-11-12,Supplier Questionnaire,False,,,,,False,0.0,3,1.0,63.93,70.54,77.8,2,4,10,0,0,2.0,49.7376,Medium Risk,Medium Spend,Monitor quarterly; request additional evidence
S0224,Argent Systems,Tunisia,Africa,Medium,15,Components,Tier 1,High,300085.39,2017-11-17,True,True,Partial,65.08,53.07,64.8,2024-09-12,Supplier Questionnaire,False,,,,,False,0.0,3,1.0,65.08,53.07,64.8,5,0,4,0,0,6.0,63.06360000000001,Medium Risk,Medium Spend,Monitor quarterly; request additional evidence
S0225,Aurora Logistics,Malaysia,Asia,Medium,15,Chemicals,Tier 1,Low,29758.9,2021-10-31,False,True,Full,62.76,58.79,58.56,2025-06-11,Supplier Questionnaire,True,2024-07-14,57.32,Minor,180.0,True,0.0,3,1.0,62.76,58.79,58.56,0,0,0,12,0,10.17,70.592,High Risk,Low Spend,Request signature/commitment before continuation
S0226,Aurora Logistics,South Korea,Asia,Low,5,Components,Tier 2,Low,199852.41,2016-10-10,True,False,Partial,49.94,83.47,77.71,2024-01-07,Third-party Rating,False,,,,,False,0.0,3,1.0,49.94,83.47,77.71,0,4,4,0,5,2.0,45.5116,Medium Risk,Low Spend,Monitor quarterly; request additional evidence
S0227,Orion Logistics,Italy,Europe,Low,5,Logistics,Tier 1,High,342288.22,2019-02-03,True,True,Partial,,58.35,75.19,2025-08-10,Supplier Questionnaire,False,,,,,False,0.0,2,0.6666666666666666,67.71,58.35,75.19,5,0,4,0,0,2.0,47.39040000000001,Medium Risk,Medium Spend,Monitor quarterly; request additional evidence
S0228,Novatek Partners,France,Europe,Low,5,Components,Tier 2,Low,1365286.84,2024-02-18,True,True,Partial,71.93,,86.62,2024-02-18,Internal Assessment,False,,,,,False,0.0,2,0.6666666666666666,71.93,65.88,86.62,0,4,4,0,0,2.0,38.5392,Low Risk,High Spend,Approved; monitor annually
S0229,Lumen Partners,Mexico,Americas,Medium,15,Tools & Machinery,Tier 2,Low,148331.76,2025-02-06,True,True,Full,70.57,79.47,75.34,2025-08-09,Third-party Rating,False,,,,,False,0.0,3,1.0,70.57,79.47,75.34,0,4,0,0,0,6.0,42.5936,Medium Risk,Low Spend,Monitor quarterly; request additional evidence
S0230,Alpine Partners,Canada,Americas,Low,5,IT Services,Tier 1,Low,241237.05,2024-03-21,True,True,Partial,82.89,57.27,76.52,2025-05-04,Third-party Rating,True,2025-03-22,78.87,None,365.0,True,0.0,3,1.0,82.89,57.27,76.52,0,0,4,0,0,0.0,36.1464,Low Risk,Low Spend,Approved; monitor annually
S0231,Atlas Logistics,United Kingdom,Europe,Low,5,Packaging,Tier 3,High,58866.89,2025-04-27,True,True,Limited,82.03,74.37,61.01,2025-10-11,Supplier Questionnaire,True,2025-02-16,76.92,None,365.0,True,3.0,3,1.0,82.03,74.37,61.01,5,8,10,0,0,0.0,55.1604,Medium Risk,Low Spend,Monitor quarterly; request additional evidence
S0232,Alpine Materials,Malaysia,Asia,Medium,15,Metals & Minerals,Tier 2,Medium,1317314.09,2024-08-27,True,True,Limited,59.21,66.27,62.96,2025-07-07,Supplier Questionnaire,False,,,,,False,0.0,3,1.0,59.21,66.27,62.96,2,4,10,0,0,6.0,67.016,Medium Risk,High Spend,Monitor quarterly; request additional evidence
S0233,Meridian Logistics,South Africa,Africa,Medium,15,Tools & Machinery,Tier 1,High,1471824.12,2025-11-12,False,True,Partial,87.0,74.86,64.72,2025-04-06,Supplier Questionnaire,False,,,,,False,0.0,3,1.0,87.0,74.86,64.72,5,0,4,12,0,6.0,60.235600000000005,Medium Risk,High Spend,Request signature/commitment before continuation
S0234,Lumen Partners,New Zealand,Oceania,Low,5,Metals & Minerals,Tier 1,Medium,246007.39,2017-07-03,False,True,Partial,84.41,65.89,57.05,2025-06-06,Supplier Questionnaire,False,,,,,False,0.0,3,1.0,84.41,65.89,57.05,2,0,4,12,0,2.0,54.5032,Medium Risk,Low Spend,Request signature/commitment before continuation
S0235,Orion Manufacturing,Vietnam,Asia,High,25,Packaging,Tier 3,High,42989.58,2025-09-10,True,True,Full,49.52,46.17,51.19,2024-06-05,Supplier Questionnaire,False,,,,,False,0.0,3,1.0,49.52,46.17,51.19,5,8,0,0,0,6.0,84.0356,High Risk,Low Spend,Prioritize for audit and mitigation plan
S0236,Orion Holdings,Malaysia,Asia,Medium,15,Components,Tier 1,Medium,1057644.96,2024-05-31,True,True,Partial,61.15,75.21,68.59,2025-01-05,Third-party Rating,True,2025-10-27,73.18,None,365.0,False,0.0,3,1.0,61.15,75.21,68.59,2,0,4,0,0,0.0,45.095200000000006,Medium Risk,High Spend,Monitor quarterly; request additional evidence
S0237,Orion Manufacturing,Australia,Oceania,Low,5,IT Services,Tier 1,Low,148504.14,2020-02-23,True,True,Full,65.92,89.23,82.6,2025-08-04,Supplier Questionnaire,False,,,,,False,0.0,3,1.0,65.92,89.23,82.6,0,0,0,0,0,2.0,24.168400000000002,Low Risk,Low Spend,Approved; monitor annually
S0238,Vega Holdings,Turkey,Europe/Asia,Medium,15,Tools & Machinery,Tier 1,Low,963868.75,2018-09-24,True,True,Full,79.31,76.12,62.11,2024-07-11,Supplier Questionnaire,False,,,,,False,7.0,3,1.0,79.31,76.12,62.11,0,0,0,0,0,6.0,45.57,Medium Risk,Medium Spend,Monitor quarterly; request additional evidence
S0239,Lumen Partners,Switzerland,Europe,Low,5,Components,Tier 1,Low,359565.75,2023-09-07,True,True,Full,76.72,,,2024-05-19,Supplier Questionnaire,True,2025-11-21,71.98,Minor,180.0,False,3.0,1,0.3333333333333333,76.72,65.88,69.62,0,0,0,0,0,7.0,41.288000000000004,Medium Risk,Medium Spend,Monitor quarterly; request additional evidence
S0240,Novatek Components,New Zealand,Oceania,Low,5,Tools & Machinery,Tier 2,Medium,316008.03,2025-06-10,True,False,Partial,63.05,,75.31,2025-03-10,Internal Assessment,True,2024-08-08,73.98,None,365.0,True,0.0,2,0.6666666666666666,63.05,67.47,75.31,2,4,4,0,5,0.0,49.00880000000001,Medium Risk,Medium Spend,Monitor quarterly; request additional evidence
S0241,Zenith Partners,Spain,Europe,Low,5,Packaging,Tier 1,High,181670.75,2020-07-02,True,True,Limited,82.48,57.21,75.97,2025-07-09,Internal Assessment,True,2025-10-15,76.55,None,365.0,True,0.0,3,1.0,82.48,57.21,75.97,5,0,10,0,0,0.0,47.4612,Medium Risk,Low Spend,Monitor quarterly; request additional evidence
S0242,Cobalt Partners,United Arab Emirates,Middle East,Medium,15,IT Services,Tier 1,Low,267876.13,2017-04-16,True,True,Full,75.26,53.61,,2024-11-11,Third-party Rating,True,2024-11-18,71.2,None,365.0,True,0.0,2,0.6666666666666666,75.26,53.61,68.87,0,0,0,0,0,0.0,43.6948,Medium Risk,Medium Spend,Monitor quarterly; request additional evidence
S0243,Eclipse Materials,South Korea,Asia,Low,5,Components,Tier 3,Low,256250.55,2018-04-14,True,False,Full,72.5,46.22,68.86,2024-08-23,Supplier Questionnaire,False,,,,,False,0.0,3,1.0,72.5,46.22,68.86,0,8,0,0,5,2.0,56.9268,Medium Risk,Medium Spend,Monitor quarterly; request additional evidence
S0244,Eclipse Manufacturing,United Kingdom,Europe,Low,5,Components,Tier 1,Low,540369.49,2022-09-17,True,True,Full,72.37,79.05,75.37,2025-12-28,Internal Assessment,False,,,,,False,0.0,3,1.0,72.37,79.05,75.37,0,0,0,0,0,2.0,28.747999999999998,Low Risk,Medium Spend,Approved; monitor annually
S0245,Aurora Industries,United Arab Emirates,Middle East,Medium,15,Metals & Minerals,Tier 1,Low,104942.31,2017-02-18,True,True,Partial,72.35,68.79,74.22,2024-02-19,Third-party Rating,False,,,,,False,3.0,3,1.0,72.35,68.79,74.22,0,0,4,0,0,6.0,48.3756,Medium Risk,Low Spend,Monitor quarterly; request additional evidence
S0246,Eclipse Industries,Tunisia,Africa,Medium,15,Components,Tier 1,Low,995100.3,2022-09-17,True,True,Partial,53.64,78.94,,2025-08-11,Supplier Questionnaire,False,,,,,False,7.0,2,0.6666666666666666,53.64,78.94,69.62,0,0,4,0,0,6.0,53.226400000000005,Medium Risk,Medium Spend,Monitor quarterly; request additional evidence
S0247,Argent Systems,New Zealand,Oceania,Low,5,Metals & Minerals,Tier 3,Low,804998.77,2021-03-13,True,True,Partial,58.83,62.07,69.65,2025-07-26,Supplier Questionnaire,False,,,,,False,0.0,3,1.0,58.83,62.07,69.65,0,8,4,0,0,2.0,53.1616,Medium Risk,Medium Spend,Monitor quarterly; request additional evidence
S0248,Lumen Partners,South Africa,Africa,Medium,15,Components,Tier 2,Low,333860.37,2024-07-07,True,True,Full,,40.26,74.76,2025-04-22,Supplier Questionnaire,False,,,,,False,0.0,2,0.6666666666666666,69.185,40.26,74.76,0,4,0,0,0,6.0,58.851,Medium Risk,Medium Spend,Monitor quarterly; request additional evidence
S0249,Novatek Industries,Spain,Europe,Low,5,IT Services,Tier 1,Low,846273.9,2024-10-04,True,True,Partial,81.22,86.95,79.48,2025-02-15,Third-party Rating,True,2024-02-03,54.27,Major,30.0,True,7.0,3,1.0,81.22,86.95,79.48,0,0,4,0,0,18.932499999999997,46.577299999999994,Medium Risk,Medium Spend,Immediate corrective action + 30-day follow-up
S0250,Novatek Manufacturing,Singapore,Asia,Low,5,Metals & Minerals,Tier 1,Medium,1458224.32,2020-01-12,True,True,Limited,83.91,82.6,72.98,2025-03-04,Supplier Questionnaire,False,,,,,False,0.0,3,1.0,83.91,82.6,72.98,2,0,10,0,0,2.0,36.8616,Low Risk,High Spend,Approved; monitor annually
S0251,Vega Industries,Morocco,Africa,Medium,15,Metals & Minerals,Tier 1,High,960070.26,2023-01-13,True,True,Partial,71.45,66.29,67.84,2025-05-31,Supplier Questionnaire,True,2024-12-11,78.09,None,365.0,True,0.0,3,1.0,71.45,66.29,67.84,5,0,4,0,0,0.0,49.0192,Medium Risk,Medium Spend,Monitor quarterly; request additional evidence
S0252,Argent Industries,Canada,Americas,Low,5,Components,Tier 1,Low,1070206.96,2018-02-16,True,True,Full,,54.75,73.02,2025-03-11,Internal Assessment,True,2025-03-23,82.99,Minor,180.0,True,0.0,2,0.6666666666666666,69.185,54.75,73.02,0,0,0,0,0,7.0,45.1118,Medium Risk,High Spend,Monitor quarterly; request additional evidence
S0253,Novatek Holdings,Tunisia,Africa,Medium,15,Packaging,Tier 1,Medium,379549.23,2019-12-02,True,True,Limited,,,69.63,2025-03-09,Supplier Questionnaire,False,,,,,False,7.0,1,0.3333333333333333,72.38,64.11,69.63,2,0,10,0,0,6.0,61.90800000000001,Medium Risk,Medium Spend,Monitor quarterly; request additional evidence
S0254,Eclipse Components,Turkey,Europe/Asia,Medium,15,Logistics,Tier 2,Medium,33876.93,2020-05-15,True,True,Limited,72.85,61.21,55.12,2025-05-07,Internal Assessment,False,,,,,False,0.0,3,1.0,72.85,61.21,55.12,2,4,10,0,0,6.0,67.7296,Medium Risk,Low Spend,Monitor quarterly; request additional evidence
S0255,Nimbus Partners,South Africa,Africa,Medium,15,Components,Tier 1,High,461822.33,2021-02-19,True,False,Partial,59.41,83.78,84.66,2025-05-23,Internal Assessment,False,,,,,False,0.0,3,1.0,59.41,83.78,84.66,5,0,4,0,5,6.0,51.012,Medium Risk,Medium Spend,Monitor quarterly; request additional evidence
S0256,Nimbus Materials,China,Asia,High,25,Metals & Minerals,Tier 1,Medium,635705.81,2023-10-31,True,True,Partial,63.04,43.26,71.81,2024-04-24,Supplier Questionnaire,True,2024-11-12,74.72,None,365.0,True,0.0,3,1.0,63.04,43.26,71.81,2,0,4,0,0,0.0,61.8156,Medium Risk,Medium Spend,Monitor quarterly; request additional evidence
S0257,Zenith Manufacturing,Brazil,Americas,Medium,15,Components,Tier 2,Low,1119990.62,2024-08-13,True,True,Partial,78.31,82.22,72.07,2024-11-28,Internal Assessment,False,,,,,False,0.0,3,1.0,78.31,82.22,72.07,0,4,4,0,0,6.0,44.372800000000005,Medium Risk,High Spend,Monitor quarterly; request additional evidence
S0258,Lumen Supply,France,Europe,Low,5,Logistics,Tier 3,Medium,35071.21,2025-06-27,True,True,Full,60.2,76.43,76.26,2024-05-03,Supplier Questionnaire,False,,,,,False,0.0,3,1.0,60.2,76.43,76.26,2,8,0,0,0,2.0,42.91879999999999,Medium Risk,Low Spend,Monitor quarterly; request additional evidence
S0259,Vega Industries,India,Asia,High,25,Chemicals,Tier 1,Medium,41659.89,2020-08-02,True,True,Partial,78.54,69.25,67.73,2025-12-02,Internal Assessment,True,2025-08-21,42.86,Minor,180.0,True,0.0,3,1.0,78.54,69.25,67.73,2,0,4,0,0,13.785,62.170199999999994,Medium Risk,Low Spend,Monitor quarterly; request additional evidence
S0260,Meridian Services,Australia,Oceania,Low,5,Metals & Minerals,Tier 2,Medium,291122.75,2025-10-17,True,True,Full,76.63,56.24,100.0,2024-10-20,Supplier Questionnaire,False,,,,,False,0.0,3,1.0,76.63,56.24,100.0,2,4,0,0,0,2.0,34.7976,Low Risk,Medium Spend,Approved; monitor annually
S0261,Cobalt Components,Brazil,Americas,Medium,15,Consulting,Tier 1,High,49813.93,2022-04-30,False,True,Limited,70.41,48.19,60.48,2025-03-01,Supplier Questionnaire,False,,,,,False,7.0,3,1.0,70.41,48.19,60.48,5,0,10,12,0,6.0,86.7556,High Risk,Low Spend,Request signature/commitment before continuation
S0262,Eclipse Systems,South Korea,Asia,Low,5,IT Services,Tier 1,High,242488.02,2018-05-26,True,True,Partial,73.96,51.13,87.02,2024-02-07,Third-party Rating,True,2024-02-04,81.71,None,365.0,False,0.0,3,1.0,73.96,51.13,87.02,5,0,4,0,0,0.0,42.7428,Medium Risk,Low Spend,Monitor quarterly; request additional evidence
S0263,Zenith Services,Morocco,Africa,Medium,15,Components,Tier 1,High,768149.45,2017-10-25,True,True,Partial,69.26,60.58,72.76,2025-10-05,Internal Assessment,True,2025-05-03,69.9,None,365.0,True,0.0,3,1.0,69.26,60.58,72.76,5,0,4,0,0,0.02499999999999858,50.367,Medium Risk,Medium Spend,Monitor quarterly; request additional evidence
S0264,Meridian Holdings,United States,Americas,Low,5,Components,Tier 1,Medium,168814.12,2019-06-15,True,True,Full,67.42,74.98,85.19,2024-06-03,Supplier Questionnaire,False,,,,,False,0.0,3,1.0,67.42,74.98,85.19,2,0,0,0,0,2.0,30.619600000000002,Low Risk,Low Spend,Approved; monitor annually
S0265,Eclipse Systems,Indonesia,Asia,High,25,Facility,Tier 1,Low,154794.97,2022-09-02,True,True,Full,69.3,49.35,,2025-12-28,Third-party Rating,True,2025-08-16,66.22,Minor,180.0,True,0.0,2,0.6666666666666666,69.3,49.35,67.76,0,0,0,0,0,7.945,60.8678,Medium Risk,Low Spend,Monitor quarterly; request additional evidence
S0266,Argent Services,Japan,Asia,Low,5,Components,Tier 2,Low,653470.25,2017-09-20,True,True,Partial,65.68,71.46,73.67,2024-12-05,Supplier Questionnaire,False,,,,,False,0.0,3,1.0,65.68,71.46,73.67,0,4,4,0,0,2.0,42.2012,Medium Risk,Medium Spend,Monitor quarterly; request additional evidence
S0267,Eclipse Industries,United Kingdom,Europe,Low,5,Metals & Minerals,Tier 1,Low,234275.08,2017-10-08,True,False,Limited,,68.64,64.15,2024-02-21,Internal Assessment,False,,,,,False,0.0,2,0.6666666666666666,67.95,68.64,64.15,0,0,10,0,5,2.0,52.739999999999995,Medium Risk,Low Spend,Monitor quarterly; request additional evidence
S0268,Novatek Supply,Saudi Arabia,Middle East,Medium,15,Chemicals,Tier 3,Medium,56101.56,2016-11-19,True,True,Limited,53.53,51.08,51.66,2024-12-08,Supplier Questionnaire,True,2025-09-14,63.89,None,365.0,True,0.0,3,1.0,53.53,51.08,51.66,2,8,10,0,0,1.5274999999999999,77.8259,High Risk,Low Spend,Prioritize for audit and mitigation plan
S0269,Meridian Manufacturing,South Korea,Asia,Low,5,Metals & Minerals,Tier 1,Low,328677.75,2018-01-23,True,True,Limited,68.09,67.58,67.69,2025-12-11,Third-party Rating,False,,,,,False,0.0,3,1.0,68.09,67.58,67.69,0,0,10,0,0,2.0,46.992000000000004,Medium Risk,Medium Spend,Monitor quarterly; request additional evidence
S0270,Aurora Industries,Japan,Asia,Low,5,Packaging,Tier 1,Medium,71097.41,2019-08-22,True,True,Full,72.59,50.57,73.83,2025-08-05,Third-party Rating,True,2025-10-21,83.11,None,365.0,True,0.0,3,1.0,72.59,50.57,73.83,2,0,0,0,0,0.0,40.571200000000005,Medium Risk,Low Spend,Monitor quarterly; request additional evidence
S0271,Orion Components,Vietnam,Asia,High,25,Chemicals,Tier 2,Medium,666144.02,2016-05-23,True,True,Full,47.97,43.5,58.62,2024-07-06,Supplier Questionnaire,True,2024-08-22,56.97,None,365.0,True,0.0,3,1.0,47.97,43.5,58.62,2,4,0,0,0,3.2575000000000003,73.41750000000002,High Risk,Medium Spend,Prioritize for audit and mitigation plan
S0272,Cobalt Holdings,United States,Americas,Low,5,IT Services,Tier 1,Low,167411.62,2023-12-27,True,True,Limited,69.48,87.43,59.75,2024-02-15,Supplier Questionnaire,False,,,,,False,0.0,3,1.0,69.48,87.43,59.75,0,0,10,0,0,2.0,41.2036,Medium Risk,Low Spend,Monitor quarterly; request additional evidence
S0273,Zenith Industries,Canada,Americas,Low,5,Consulting,Tier 1,Medium,92987.43,2024-09-23,True,True,Limited,78.95,64.31,66.28,2025-09-23,Supplier Questionnaire,True,2024-02-02,79.38,None,365.0,True,0.0,3,1.0,78.95,64.31,66.28,2,0,10,0,0,0.0,45.7104,Medium Risk,Low Spend,Monitor quarterly; request additional evidence
S0274,Cascade Group,Germany,Europe,Low,5,Packaging,Tier 1,Low,193142.58,2025-03-15,True,True,Full,65.73,47.98,76.65,2025-02-15,Third-party Rating,True,2025-06-09,59.02,Major,30.0,True,0.0,3,1.0,65.73,47.98,76.65,0,0,0,0,0,17.744999999999997,58.3706,Medium Risk,Low Spend,Immediate corrective action + 30-day follow-up
S0275,Novatek Holdings,Malaysia,Asia,Medium,15,Chemicals,Tier 1,High,238027.43,2024-01-21,True,True,Full,66.4,69.61,74.65,2024-04-15,Supplier Questionnaire,True,2024-05-19,67.06,Minor,180.0,False,0.0,3,1.0,66.4,69.61,74.65,5,0,0,0,0,7.734999999999999,50.661,Medium Risk,Low Spend,Monitor quarterly; request additional evidence
S0276,Orion Services,China,Asia,High,25,Components,Tier 3,Medium,195028.07,2023-06-24,True,True,Partial,,35.88,65.03,2024-12-22,Third-party Rating,True,2025-05-04,55.66,Minor,180.0,True,0.0,2,0.6666666666666666,69.185,35.88,65.03,2,8,4,0,0,10.585,83.80160000000001,High Risk,Low Spend,Prioritize for audit and mitigation plan
S0277,Orion Holdings,Switzerland,Europe,Low,5,Consulting,Tier 1,Medium,106467.93,2019-09-14,True,True,Full,74.19,61.0,86.24,2024-02-11,Internal Assessment,False,,,,,False,0.0,3,1.0,74.19,61.0,86.24,2,0,0,0,0,2.0,33.980000000000004,Low Risk,Low Spend,Approved; monitor annually
S0278,Zenith Supply,Canada,Americas,Low,5,Logistics,Tier 2,Medium,87275.62,2020-11-03,True,True,Partial,66.5,53.77,52.1,2025-06-13,Third-party Rating,False,,,,,False,0.0,3,1.0,66.5,53.77,52.1,2,4,4,0,0,2.0,57.95,Medium Risk,Low Spend,Monitor quarterly; request additional evidence
S0279,Vega Holdings,Vietnam,Asia,High,25,Facility,Tier 1,Low,48428.66,2020-08-15,True,True,Partial,,68.77,,2024-08-17,Third-party Rating,False,,,,,False,0.0,1,0.3333333333333333,67.09,68.77,67.76,0,0,4,0,0,6.0,55.7736,Medium Risk,Low Spend,Monitor quarterly; request additional evidence
S0280,Eclipse Group,Tunisia,Africa,Medium,15,Consulting,Tier 1,Medium,485774.31,2023-06-21,True,True,Full,72.69,79.69,73.23,2025-12-23,Supplier Questionnaire,True,2024-09-16,42.64,Major,30.0,True,0.0,3,1.0,72.69,79.69,73.23,2,0,0,0,0,21.84,56.4272,Medium Risk,Medium Spend,Immediate corrective action + 30-day follow-up
S0281,Helios Supply,South Africa,Africa,Medium,15,Components,Tier 1,Low,567901.31,2021-02-10,True,True,Full,66.21,75.14,71.56,2025-06-25,Third-party Rating,True,2024-08-22,72.72,None,365.0,True,0.0,3,1.0,66.21,75.14,71.56,0,0,0,0,0,0.0,36.756,Low Risk,Medium Spend,Approved; monitor annually
S0282,Alpine Logistics,Mexico,Americas,Medium,15,Metals & Minerals,Tier 2,Medium,390404.46,2021-04-26,True,True,Full,51.95,22.1,55.78,2025-09-03,Supplier Questionnaire,False,,,,,False,7.0,3,1.0,51.95,22.1,55.78,2,4,0,0,0,6.0,82.86439999999999,High Risk,Medium Spend,Prioritize for audit and mitigation plan
S0283,Nimbus Supply,India,Asia,High,25,Components,Tier 1,Low,323231.25,2021-04-28,True,True,Partial,72.51,54.6,,2024-11-27,Supplier Questionnaire,True,2024-01-18,68.5,None,365.0,True,7.0,2,0.6666666666666666,72.51,54.6,69.62,0,0,4,0,0,0.375,57.5538,Medium Risk,Medium Spend,Monitor quarterly; request additional evidence
S0284,Nimbus Group,Switzerland,Europe,Low,5,Metals & Minerals,Tier 1,Medium,166712.33,2018-06-04,True,True,Full,65.76,65.1,81.1,2024-05-23,Supplier Questionnaire,True,2024-11-10,73.95,None,365.0,False,0.0,3,1.0,65.76,65.1,81.1,2,0,0,0,0,0.0,34.345200000000006,Low Risk,Low Spend,Approved; monitor annually
S0285,Nimbus Materials,Singapore,Asia,Low,5,Metals & Minerals,Tier 3,High,203332.42,2016-03-14,False,True,Full,89.04,81.51,84.97,2024-06-16,Third-party Rating,True,2024-03-10,82.09,None,365.0,False,0.0,3,1.0,89.04,81.51,84.97,5,8,0,12,0,0.0,43.0244,Medium Risk,Low Spend,Request signature/commitment before continuation
S0286,Zenith Supply,Spain,Europe,Low,5,Components,Tier 1,Low,114766.44,2019-03-21,True,True,Full,,45.84,85.77,2025-04-28,Third-party Rating,False,,,,,False,0.0,2,0.6666666666666666,69.185,45.84,85.77,0,0,0,0,0,2.0,39.595800000000004,Low Risk,Low Spend,Approved; monitor annually
S0287,Aurora Industries,Morocco,Africa,Medium,15,Components,Tier 1,Medium,213458.79,2017-03-13,True,True,Full,71.17,51.83,,2024-06-08,Supplier Questionnaire,False,,,,,False,12.0,2,0.6666666666666666,71.17,51.83,69.62,2,0,0,0,0,6.0,59.912,Medium Risk,Low Spend,Monitor quarterly; request additional evidence
S0288,Cascade Systems,Tunisia,Africa,Medium,15,Components,Tier 2,Medium,128117.11,2024-11-24,True,True,Limited,55.63,67.3,57.13,2024-07-27,Supplier Questionnaire,True,2025-07-07,87.02,None,365.0,True,3.0,3,1.0,55.63,67.3,57.13,2,4,10,0,0,0.0,65.122,Medium Risk,Low Spend,Monitor quarterly; request additional evidence
S0289,Atlas Logistics,Philippines,Asia,Medium,15,Metals & Minerals,Tier 1,High,2209273.52,2023-11-20,True,True,Limited,56.95,68.65,75.96,2024-09-25,Supplier Questionnaire,True,2024-02-09,94.9,Minor,180.0,True,10.0,3,1.0,56.95,68.65,75.96,5,0,10,0,0,7.0,68.0368,Medium Risk,High Spend,Monitor quarterly; request additional evidence
S0290,Nimbus Services,Taiwan,Asia,Low,5,IT Services,Tier 1,Medium,329493.47,2020-12-24,True,True,Limited,67.87,72.39,,2025-09-08,Internal Assessment,True,2024-04-12,63.55,None,365.0,True,0.0,2,0.6666666666666666,67.87,72.39,68.87,2,0,10,0,0,1.6125000000000007,46.36449999999999,Medium Risk,Medium Spend,Monitor quarterly; request additional evidence
S0291,Argent Manufacturing,Italy,Europe,Low,5,Tools & Machinery,Tier 1,High,609476.48,2021-11-11,True,True,Full,70.69,77.81,69.08,2024-06-08,Supplier Questionnaire,True,2025-01-02,84.77,Minor,180.0,True,0.0,3,1.0,70.69,77.81,69.08,5,0,0,0,0,7.0,41.727199999999996,Medium Risk,Medium Spend,Monitor quarterly; request additional evidence
S0292,Lumen Manufacturing,South Korea,Asia,Low,5,Components,Tier 2,Medium,152803.96,2023-06-13,True,True,Partial,,63.67,,2024-07-11,Internal Assessment,False,,,,,False,0.0,1,0.3333333333333333,69.185,63.67,69.62,2,4,4,0,0,2.0,47.6318,Medium Risk,Low Spend,Monitor quarterly; request additional evidence
S0293,Vega Manufacturing,Spain,Europe,Low,5,IT Services,Tier 1,Medium,70983.52,2018-11-01,True,True,Full,80.35,,,2024-11-30,Supplier Questionnaire,False,,,,,False,0.0,1,0.3333333333333333,80.35,64.79,68.87,2,0,0,0,0,2.0,36.297599999999996,Low Risk,Low Spend,Approved; monitor annually
S0294,Atlas Partners,Indonesia,Asia,High,25,Packaging,Tier 1,High,223626.54,2019-08-18,True,True,Partial,68.58,51.43,62.64,2024-12-20,Third-party Rating,True,2025-02-01,65.89,None,365.0,True,0.0,3,1.0,68.58,51.43,62.64,5,0,4,0,0,1.0274999999999999,63.958299999999994,Medium Risk,Low Spend,Monitor quarterly; request additional evidence
S0295,Alpine Holdings,Philippines,Asia,Medium,15,IT Services,Tier 1,Medium,341445.05,2019-07-23,True,True,Partial,59.63,56.99,72.63,2024-12-07,Supplier Questionnaire,False,,,,,False,0.0,3,1.0,59.63,56.99,72.63,2,0,4,0,0,6.0,57.516000000000005,Medium Risk,Medium Spend,Monitor quarterly; request additional evidence
S0296,Aurora Components,Malaysia,Asia,Medium,15,IT Services,Tier 1,Medium,749778.65,2025-11-09,False,True,Full,67.13,80.09,62.15,2024-04-22,Third-party Rating,True,2025-09-06,70.83,None,365.0,False,0.0,3,1.0,67.13,80.09,62.15,2,0,0,12,0,0.0,51.5296,Medium Risk,Medium Spend,Request signature/commitment before continuation
S0297,Lumen Holdings,Vietnam,Asia,High,25,Facility,Tier 1,Medium,53164.49,2017-01-06,True,True,Partial,35.52,53.0,,2025-08-27,Third-party Rating,True,2025-06-11,49.56,Minor,180.0,True,0.0,2,0.6666666666666666,35.52,53.0,67.76,2,0,4,0,0,12.11,79.0312,High Risk,Low Spend,Prioritize for audit and mitigation plan
S0298,Helios Materials,South Korea,Asia,Low,5,Logistics,Tier 1,Low,255346.16,2017-07-11,True,True,Limited,86.88,63.81,,2025-01-07,Supplier Questionnaire,False,,,,,False,3.0,2,0.6666666666666666,86.88,63.81,67.73,0,0,10,0,0,2.0,44.876,Medium Risk,Medium Spend,Monitor quarterly; request additional evidence
S0299,Argent Manufacturing,Morocco,Africa,Medium,15,Components,Tier 1,Low,212764.95,2017-11-11,True,True,Partial,76.68,,74.57,2024-02-06,Internal Assessment,True,2025-12-15,71.18,None,365.0,True,0.0,2,0.6666666666666666,76.68,65.88,74.57,0,0,4,0,0,0.0,40.565200000000004,Medium Risk,Low Spend,Monitor quarterly; request additional evidence
S0300,Zenith Materials,Turkey,Europe/Asia,Medium,15,Metals & Minerals,Tier 1,Medium,242500.02,2018-11-06,True,True,Full,98.0,65.68,67.39,2024-11-15,Supplier Questionnaire,True,2024-04-25,44.27,Minor,180.0,True,0.0,3,1.0,98.0,65.68,67.39,2,0,0,0,0,13.4325,48.405699999999996,Medium Risk,Low Spend,Monitor quarterly; request additional evidence
S0301,Nimbus Systems,Taiwan,Asia,Low,5,Components,Tier 1,Low,372232.77,2020-02-06,True,False,Full,72.13,74.45,73.59,2024-06-22,Internal Assessment,False,,,,,False,0.0,3,1.0,72.13,74.45,73.59,0,0,0,0,5,2.0,36.2248,Low Risk,Medium Spend,Approved; monitor annually
S0302,Nimbus Group,United Kingdom,Europe,Low,5,Components,Tier 2,Low,156557.45,2025-10-25,True,False,Partial,67.76,70.99,60.96,2024-07-24,Supplier Questionnaire,True,2025-04-11,75.99,None,365.0,True,0.0,3,1.0,67.76,70.99,60.96,0,4,4,0,5,0.0,48.874,Medium Risk,Low Spend,Monitor quarterly; request additional evidence
S0303,Cascade Partners,Switzerland,Europe,Low,5,Facility,Tier 1,Medium,134435.74,2025-09-08,True,True,Full,70.84,57.44,73.95,2025-07-02,Internal Assessment,False,,,,,False,0.0,3,1.0,70.84,57.44,73.95,2,0,0,0,0,2.0,40.2748,Medium Risk,Low Spend,Monitor quarterly; request additional evidence
S0304,Atlas Holdings,United Kingdom,Europe,Low,5,Components,Tier 1,Low,173235.36,2024-08-25,True,True,Limited,,74.9,65.98,2024-06-21,Supplier Questionnaire,True,2024-04-04,58.62,Minor,180.0,True,0.0,2,0.6666666666666666,69.185,74.9,65.98,0,0,10,0,0,9.845,52.14959999999999,Medium Risk,Low Spend,Monitor quarterly; request additional evidence
S0305,Argent Logistics,Tunisia,Africa,Medium,15,IT Services,Tier 1,Low,102598.95,2017-09-15,True,True,Limited,73.86,87.18,62.42,2024-02-18,Third-party Rating,False,,,,,False,0.0,3,1.0,73.86,87.18,62.42,0,0,10,0,0,6.0,48.7228,Medium Risk,Low Spend,Monitor quarterly; request additional evidence
S0306,Orion Partners,Philippines,Asia,Medium,15,Logistics,Tier 2,Low,253164.32,2022-09-06,True,True,Partial,72.69,,,2024-06-20,Third-party Rating,False,,,,,False,0.0,1,0.3333333333333333,72.69,65.365,67.73,0,4,4,0,0,6.0,54.077200000000005,Medium Risk,Medium Spend,Monitor quarterly; request additional evidence
S0307,Lumen Materials,Tunisia,Africa,Medium,15,Packaging,Tier 1,Low,176216.01,2021-09-17,True,True,Partial,67.05,64.23,70.83,2025-11-12,Internal Assessment,False,,,,,False,0.0,3,1.0,67.05,64.23,70.83,0,0,4,0,0,6.0,51.1184,Medium Risk,Low Spend,Monitor quarterly; request additional evidence
S0308,Alpine Manufacturing,Thailand,Asia,Medium,15,Metals & Minerals,Tier 1,Low,653153.24,2018-10-18,True,True,Limited,69.52,73.34,50.84,2025-05-10,Supplier Questionnaire,False,,,,,False,0.0,3,1.0,69.52,73.34,50.84,0,0,10,0,0,6.0,59.1796,Medium Risk,Medium Spend,Monitor quarterly; request additional evidence
S0309,Argent Manufacturing,Spain,Europe,Low,5,Components,Tier 1,Medium,210735.35,2019-03-27,True,True,Partial,,65.53,68.0,2024-07-24,Supplier Questionnaire,False,,,,,False,0.0,2,0.6666666666666666,69.185,65.53,68.0,2,0,4,0,0,2.0,43.4062,Medium Risk,Low Spend,Monitor quarterly; request additional evidence
S0310,Aurora Materials,China,Asia,High,25,Metals & Minerals,Tier 1,Medium,565200.77,2020-04-01,True,True,Full,72.55,70.9,75.35,2025-03-30,Internal Assessment,True,2025-10-10,58.35,None,365.0,True,0.0,3,1.0,72.55,70.9,75.35,2,0,0,0,0,2.9124999999999996,45.87650000000001,Medium Risk,Medium Spend,Monitor quarterly; request additional evidence
S0311,Zenith Partners,Singapore,Asia,Low,5,Packaging,Tier 2,Medium,37625.87,2017-02-23,True,True,Full,65.96,65.25,60.24,2024-09-07,Internal Assessment,False,,,,,False,0.0,3,1.0,65.96,65.25,60.24,2,4,0,0,0,2.0,46.9044,Medium Risk,Low Spend,Monitor quarterly; request additional evidence
S0312,Nimbus Supply,Saudi Arabia,Middle East,Medium,15,Consulting,Tier 1,Medium,169137.62,2022-02-06,True,True,Full,65.08,59.38,61.61,2025-11-08,Supplier Questionnaire,True,2024-01-30,83.1,Minor,180.0,True,3.0,3,1.0,65.08,59.38,61.61,2,0,0,0,0,7.0,57.2104,Medium Risk,Low Spend,Monitor quarterly; request additional evidence
S0313,Cascade Supply,Taiwan,Asia,Low,5,Chemicals,Tier 2,Low,230580.43,2017-07-17,False,True,Full,75.24,50.23,67.77,2024-06-29,Supplier Questionnaire,True,2024-01-23,70.38,None,365.0,True,0.0,3,1.0,75.24,50.23,67.77,0,4,0,12,0,0.0,55.9044,Medium Risk,Low Spend,Request signature/commitment before continuation
S0314,Cascade Holdings,India,Asia,High,25,Tools & Machinery,Tier 1,Medium,94773.14,2020-10-22,True,True,Partial,33.09,83.91,60.65,2025-07-02,Supplier Questionnaire,True,2025-12-06,41.64,Major,30.0,True,0.0,3,1.0,33.09,83.91,60.65,2,0,4,0,0,22.09,79.6028,High Risk,Low Spend,Immediate corrective action + 30-day follow-up
S0315,Eclipse Logistics,Malaysia,Asia,Medium,15,Packaging,Tier 2,Medium,82126.18,2019-05-13,True,True,Partial,70.67,80.25,58.46,2024-10-20,Internal Assessment,True,2024-09-21,74.59,None,365.0,True,0.0,3,1.0,70.67,80.25,58.46,2,4,4,0,0,0.0,47.6552,Medium Risk,Low Spend,Monitor quarterly; request additional evidence
S0316,Meridian Systems,Philippines,Asia,Medium,15,Logistics,Tier 1,Medium,169044.78,2017-05-05,True,True,Limited,,61.76,,2025-05-19,Third-party Rating,True,2024-02-18,62.74,None,365.0,True,6.0,1,0.3333333333333333,67.71,61.76,67.73,2,0,10,0,0,1.8149999999999995,60.0286,Medium Risk,Low Spend,Monitor quarterly; request additional evidence
S0317,Orion Materials,Saudi Arabia,Middle East,Medium,15,Metals & Minerals,Tier 3,Medium,520585.12,2018-07-18,True,False,Limited,52.75,51.7,49.24,2024-11-09,Supplier Questionnaire,True,2025-11-23,90.19,None,365.0,True,0.0,3,1.0,52.75,51.7,49.24,2,8,10,0,5,0.0,82.0432,High Risk,Medium Spend,Prioritize for audit and mitigation plan
S0318,Lumen Logistics,Canada,Americas,Low,5,Metals & Minerals,Tier 1,Low,225695.92,2022-10-23,True,True,Full,64.43,73.75,93.41,2024-07-29,Supplier Questionnaire,False,,,,,False,0.0,3,1.0,64.43,73.75,93.41,0,0,0,0,0,2.0,27.3184,Low Risk,Low Spend,Approved; monitor annually
S0319,Aurora Services,Malaysia,Asia,Medium,15,Packaging,Tier 1,Medium,248660.39,2020-09-17,True,True,Partial,49.88,64.18,57.69,2024-04-30,Supplier Questionnaire,False,,,,,False,0.0,3,1.0,49.88,64.18,57.69,2,0,4,0,0,6.0,62.1508,Medium Risk,Low Spend,Monitor quarterly; request additional evidence
S0320,Cobalt Systems,India,Asia,High,25,Consulting,Tier 1,Low,515686.81,2020-02-12,True,True,Partial,82.87,60.47,54.92,2025-10-20,Supplier Questionnaire,False,,,,,False,0.0,3,1.0,82.87,60.47,54.92,0,0,4,0,0,6.0,58.784,Medium Risk,Medium Spend,Monitor quarterly; request additional evidence
S0321,Cobalt Logistics,Japan,Asia,Low,5,IT Services,Tier 2,Medium,219506.86,2024-04-19,True,False,Limited,82.64,57.84,67.89,2025-08-22,Supplier Questionnaire,False,,,,,False,0.0,3,1.0,82.64,57.84,67.89,2,4,10,0,5,2.0,57.75,Medium Risk,Low Spend,Monitor quarterly; request additional evidence
S0322,Lumen Industries,Turkey,Europe/Asia,Medium,15,Chemicals,Tier 1,Medium,138353.0,2025-08-23,True,True,Full,71.0,,79.29,2025-10-17,Third-party Rating,False,,,,,False,0.0,2,0.6666666666666666,71.0,68.28,79.29,2,0,0,0,0,6.0,43.685199999999995,Medium Risk,Low Spend,Monitor quarterly; request additional evidence
S0323,Alpine Group,France,Europe,Low,5,Metals & Minerals,Tier 2,Low,409566.73,2025-05-17,True,True,Partial,55.45,56.48,71.9,2025-02-25,Supplier Questionnaire,False,,,,,False,0.0,3,1.0,55.45,56.48,71.9,0,4,4,0,0,2.0,51.624,Medium Risk,Medium Spend,Monitor quarterly; request additional evidence
S0324,Helios Systems,United States,Americas,Low,5,Consulting,Tier 3,High,104404.97,2017-10-23,True,True,Limited,68.93,53.66,64.13,2025-12-16,Supplier Questionnaire,False,,,,,False,0.0,3,1.0,68.93,53.66,64.13,5,8,10,0,0,2.0,66.464,Medium Risk,Low Spend,Monitor quarterly; request additional evidence
S0325,Argent Components,Morocco,Africa,Medium,15,Components,Tier 1,High,613989.32,2021-09-27,True,True,Full,85.16,73.23,73.65,2025-01-23,Supplier Questionnaire,True,2024-06-28,52.8,Major,30.0,True,0.0,3,1.0,85.16,73.23,73.65,5,0,0,0,0,19.3,55.84519999999999,Medium Risk,Medium Spend,Immediate corrective action + 30-day follow-up
S0326,Lumen Manufacturing,South Africa,Africa,Medium,15,IT Services,Tier 2,Low,122141.96,2024-05-30,True,True,Full,63.88,41.07,74.24,2025-11-15,Supplier Questionnaire,False,,,,,False,3.0,3,1.0,63.88,41.07,74.24,0,4,0,0,0,6.0,61.8288,Medium Risk,Low Spend,Monitor quarterly; request additional evidence
S0327,Novatek Group,Switzerland,Europe,Low,5,Metals & Minerals,Tier 1,Low,469085.1,2018-01-05,True,True,Partial,55.92,,72.28,2024-06-14,Supplier Questionnaire,False,,,,,False,0.0,2,0.6666666666666666,55.92,64.68,72.28,0,0,4,0,0,2.0,44.0908,Medium Risk,Medium Spend,Monitor quarterly; request additional evidence
S0328,Zenith Materials,Germany,Europe,Low,5,Facility,Tier 1,Low,117066.62,2017-08-20,True,True,Partial,93.88,54.0,81.88,2025-02-25,Supplier Questionnaire,True,2025-05-28,98.0,None,365.0,False,0.0,3,1.0,93.88,54.0,81.88,0,0,4,0,0,0.0,32.662000000000006,Low Risk,Low Spend,Approved; monitor annually
S0329,Argent Components,Malaysia,Asia,Medium,15,Consulting,Tier 1,Low,223141.57,2022-08-24,True,True,Partial,,59.35,69.16,2024-09-13,Supplier Questionnaire,True,2024-02-19,64.6,Minor,180.0,False,0.0,2,0.6666666666666666,69.58,59.35,69.16,0,0,4,0,0,8.350000000000001,55.24640000000001,Medium Risk,Low Spend,Monitor quarterly; request additional evidence
S0330,Orion Supply,Malaysia,Asia,Medium,15,Facility,Tier 3,Medium,75540.9,2021-03-24,True,True,Limited,74.26,72.84,53.33,2024-08-27,Supplier Questionnaire,False,,,,,False,0.0,3,1.0,74.26,72.84,53.33,2,8,10,0,0,6.0,67.2556,Medium Risk,Low Spend,Monitor quarterly; request additional evidence
S0331,Novatek Partners,Indonesia,Asia,High,25,Facility,Tier 1,Low,326733.38,2019-12-03,True,True,Partial,47.81,25.01,59.94,2024-10-05,Supplier Questionnaire,True,2025-06-22,57.1,None,365.0,True,3.0,3,1.0,47.81,25.01,59.94,0,0,4,0,0,3.2249999999999996,80.05340000000001,High Risk,Medium Spend,Prioritize for audit and mitigation plan
S0332,Aurora Components,Philippines,Asia,Medium,15,IT Services,Tier 2,Medium,106581.18,2024-02-28,True,True,Partial,71.52,67.81,71.15,2024-10-07,Third-party Rating,False,,,,,False,0.0,3,1.0,71.52,67.81,71.15,2,4,4,0,0,6.0,54.3324,Medium Risk,Low Spend,Monitor quarterly; request additional evidence
S0333,Novatek Manufacturing,Vietnam,Asia,High,25,IT Services,Tier 1,Low,31872.55,2020-08-15,True,True,Partial,44.3,54.34,65.71,2025-01-23,Internal Assessment,True,2024-05-18,47.57,Major,30.0,False,3.0,3,1.0,44.3,54.34,65.71,0,0,4,0,0,20.6075,84.84030000000001,High Risk,Low Spend,Immediate corrective action + 30-day follow-up
S0334,Meridian Services,Tunisia,Africa,Medium,15,Metals & Minerals,Tier 1,Medium,159849.55,2019-01-05,True,False,Limited,71.49,64.68,55.38,2024-10-24,Internal Assessment,False,,,,,False,3.0,3,1.0,71.49,64.68,55.38,2,0,10,0,5,6.0,69.2892,Medium Risk,Low Spend,Monitor quarterly; request additional evidence
S0335,Zenith Supply,Spain,Europe,Low,5,Components,Tier 2,Low,308869.19,2018-04-27,True,True,Partial,76.54,56.21,73.53,2025-06-05,Supplier Questionnaire,True,2025-09-20,82.87,None,365.0,True,3.0,3,1.0,76.54,56.21,73.53,0,4,4,0,0,0.0,44.9552,Medium Risk,Medium Spend,Monitor quarterly; request additional evidence
S0336,Aurora Systems,Switzerland,Europe,Low,5,Logistics,Tier 1,Low,622282.75,2024-12-27,False,False,Partial,79.47,65.38,57.64,2024-03-25,Internal Assessment,False,,,,,False,0.0,3,1.0,79.47,65.38,57.64,0,0,4,12,5,2.0,58.9016,Medium Risk,Medium Spend,Request signature/commitment before continuation
S0337,Aurora Supply,South Korea,Asia,Low,5,Logistics,Tier 1,Medium,316008.52,2025-01-21,True,True,Partial,81.1,,70.72,2024-09-15,Internal Assessment,True,2025-11-18,52.29,Major,30.0,True,0.0,2,0.6666666666666666,81.1,65.365,70.72,2,0,4,0,0,19.427500000000002,56.69310000000001,Medium Risk,Medium Spend,Immediate corrective action + 30-day follow-up
S0338,Zenith Systems,Brazil,Americas,Medium,15,Metals & Minerals,Tier 3,High,63498.39,2022-03-28,True,True,Partial,66.24,33.78,75.29,2025-08-31,Third-party Rating,True,2024-06-19,69.78,None,365.0,True,0.0,3,1.0,66.24,33.78,75.29,5,8,4,0,0,0.054999999999999716,69.15299999999999,Medium Risk,Low Spend,Monitor quarterly; request additional evidence
S0339,Meridian Group,Japan,Asia,Low,5,IT Services,Tier 1,Low,49867.81,2017-05-23,False,True,Full,79.25,81.37,57.65,2024-03-18,Internal Assessment,False,,,,,False,0.0,3,1.0,79.25,81.37,57.65,0,0,0,12,0,2.0,43.564,Medium Risk,Low Spend,Request signature/commitment before continuation
S0340,Argent Materials,Italy,Europe,Low,5,Packaging,Tier 2,Low,345408.93,2023-12-08,True,True,Full,64.91,55.17,58.92,2025-05-08,Third-party Rating,True,2024-02-06,88.69,Minor,180.0,True,0.0,3,1.0,64.91,55.17,58.92,0,4,0,0,0,7.0,54.6528,Medium Risk,Medium Spend,Monitor quarterly; request additional evidence
S0341,Atlas Materials,South Korea,Asia,Low,5,Metals & Minerals,Tier 1,Low,594028.66,2024-12-06,True,True,Full,,73.45,67.18,2024-04-24,Third-party Rating,True,2025-01-24,63.21,Minor,180.0,True,0.0,2,0.6666666666666666,67.95,73.45,67.18,0,0,0,0,0,8.6975,41.5439,Medium Risk,Medium Spend,Monitor quarterly; request additional evidence
S0342,Aurora Partners,Taiwan,Asia,Low,5,Chemicals,Tier 1,High,1601670.84,2023-11-18,True,True,Limited,70.04,57.6,68.37,2025-10-03,Supplier Questionnaire,False,,,,,False,0.0,3,1.0,70.04,57.6,68.37,5,0,10,0,0,2.0,55.2204,Medium Risk,High Spend,Monitor quarterly; request additional evidence
S0343,Cascade Holdings,Germany,Europe,Low,5,Components,Tier 3,Medium,161165.28,2018-06-25,True,True,Full,53.86,68.86,87.79,2025-11-30,Supplier Questionnaire,False,,,,,False,3.0,3,1.0,53.86,68.86,87.79,2,8,0,0,0,2.0,45.6824,Medium Risk,Low Spend,Monitor quarterly; request additional evidence
S0344,Eclipse Industries,United Kingdom,Europe,Low,5,Components,Tier 1,Low,181422.14,2023-06-08,True,True,Full,75.18,75.24,75.7,2025-11-13,Internal Assessment,False,,,,,False,0.0,3,1.0,75.18,75.24,75.7,0,0,0,0,0,2.0,29.3796,Low Risk,Low Spend,Approved; monitor annually
S0345,Cascade Industries,France,Europe,Low,5,Chemicals,Tier 1,Low,172344.9,2023-08-14,True,False,Full,77.25,79.31,62.58,2025-07-03,Supplier Questionnaire,False,,,,,False,0.0,3,1.0,77.25,79.31,62.58,0,0,0,0,5,2.0,36.370400000000004,Low Risk,Low Spend,Approved; monitor annually
S0346,Atlas Logistics,Thailand,Asia,Medium,15,Chemicals,Tier 2,Medium,94405.55,2024-10-05,True,True,Limited,81.03,85.88,64.16,2024-11-08,Internal Assessment,True,2025-11-20,90.68,None,365.0,True,3.0,3,1.0,81.03,85.88,64.16,2,4,10,0,0,0.0,48.3284,Medium Risk,Low Spend,Monitor quarterly; request additional evidence
S0347,Alpine Group,Saudi Arabia,Middle East,Medium,15,Metals & Minerals,Tier 1,Low,821173.19,2017-02-07,True,True,Limited,74.75,71.64,66.11,2025-01-29,Supplier Questionnaire,False,,,,,False,10.0,3,1.0,74.75,71.64,66.11,0,0,10,0,0,6.0,59.0088,Medium Risk,Medium Spend,Monitor quarterly; request additional evidence
S0348,Atlas Components,Germany,Europe,Low,5,Tools & Machinery,Tier 2,Medium,202384.64,2024-06-16,True,True,Partial,69.51,65.21,83.48,2024-10-03,Supplier Questionnaire,False,,,,,False,0.0,3,1.0,69.51,65.21,83.48,2,4,4,0,0,2.0,42.4896,Medium Risk,Low Spend,Monitor quarterly; request additional evidence
S0349,Zenith Components,Brazil,Americas,Medium,15,Logistics,Tier 1,Medium,131150.4,2023-12-20,True,True,Partial,67.14,68.72,69.49,2025-01-10,Third-party Rating,False,,,,,False,0.0,3,1.0,67.14,68.72,69.49,2,0,4,0,0,6.0,51.726,Medium Risk,Low Spend,Monitor quarterly; request additional evidence
S0350,Atlas Systems,Taiwan,Asia,Low,5,Tools & Machinery,Tier 2,Low,139097.09,2017-07-01,True,True,Full,84.19,76.08,,2024-08-25,Supplier Questionnaire,False,,,,,False,0.0,2,0.6666666666666666,84.19,76.08,70.97,0,4,0,0,0,2.0,32.034400000000005,Low Risk,Low Spend,Approved; monitor annually
S0351,Aurora Supply,Saudi Arabia,Middle East,Medium,15,IT Services,Tier 1,Low,298221.24,2023-03-13,True,True,Partial,68.06,,,2025-05-04,Internal Assessment,False,,,,,False,7.0,1,0.3333333333333333,68.06,64.79,68.87,0,0,4,0,0,6.0,55.0888,Medium Risk,Medium Spend,Monitor quarterly; request additional evidence
S0352,Helios Industries,United States,Americas,Low,5,Logistics,Tier 1,Low,77828.87,2022-05-29,True,False,Partial,87.79,87.16,67.73,2024-07-13,Third-party Rating,False,,,,,False,12.0,3,1.0,87.79,87.16,67.73,0,0,4,0,5,2.0,39.2312,Low Risk,Low Spend,Approved; monitor annually
S0353,Helios Partners,Canada,Americas,Low,5,Tools & Machinery,Tier 1,Medium,498423.44,2018-07-08,True,False,Full,91.49,83.85,67.43,2025-11-16,Third-party Rating,False,,,,,False,3.0,3,1.0,91.49,83.85,67.43,2,0,0,0,5,2.0,32.6652,Low Risk,Medium Spend,Approved; monitor annually
S0354,Aurora Logistics,Spain,Europe,Low,5,IT Services,Tier 1,Medium,730465.04,2019-06-15,True,True,Full,78.61,76.32,67.63,2024-06-11,Third-party Rating,True,2024-12-23,68.24,Minor,180.0,True,0.0,3,1.0,78.61,76.32,67.63,2,0,0,0,0,7.440000000000001,38.009600000000006,Low Risk,Medium Spend,Approved; monitor annually
S0355,Helios Components,Australia,Oceania,Low,5,Components,Tier 2,Medium,73347.39,2020-08-13,True,True,Full,76.51,45.56,64.54,2024-05-04,Supplier Questionnaire,False,,,,,False,0.0,3,1.0,76.51,45.56,64.54,2,4,0,0,0,2.0,50.4504,Medium Risk,Low Spend,Monitor quarterly; request additional evidence
S0356,Eclipse Services,Spain,Europe,Low,5,Facility,Tier 1,Low,538657.63,2025-06-19,True,True,Partial,72.17,88.95,71.72,2025-10-17,Third-party Rating,False,,,,,False,0.0,3,1.0,72.17,88.95,71.72,0,0,4,0,0,2.0,30.012,Low Risk,Medium Spend,Approved; monitor annually
S0357,Cascade Holdings,Singapore,Asia,Low,5,Components,Tier 1,Low,447947.92,2021-01-20,True,True,Partial,73.06,61.93,85.44,2024-04-29,Third-party Rating,False,,,,,False,0.0,3,1.0,73.06,61.93,85.44,0,0,4,0,0,2.0,36.180400000000006,Low Risk,Medium Spend,Approved; monitor annually
S0358,Alpine Systems,France,Europe,Low,5,Components,Tier 2,Low,123691.67,2022-02-09,True,False,Partial,88.55,63.52,64.43,2025-09-25,Supplier Questionnaire,False,,,,,False,3.0,3,1.0,88.55,63.52,64.43,0,4,4,0,5,2.0,48.5804,Medium Risk,Low Spend,Monitor quarterly; request additional evidence
S0359,Novatek Supply,Brazil,Americas,Medium,15,Components,Tier 3,Low,254025.59,2022-12-17,True,True,Partial,61.61,67.88,46.82,2024-01-21,Supplier Questionnaire,True,2025-01-09,62.55,None,365.0,True,0.0,3,1.0,61.61,67.88,46.82,0,8,4,0,0,1.8625000000000007,62.7273,Medium Risk,Medium Spend,Monitor quarterly; request additional evidence
S0360,Novatek Group,India,Asia,High,25,Metals & Minerals,Tier 2,Low,543916.89,2025-03-21,True,True,Full,73.18,,,2025-07-28,Third-party Rating,True,2024-12-09,44.12,Minor,180.0,False,7.0,1,0.3333333333333333,73.18,64.68,67.18,0,4,0,0,0,13.47,67.21000000000001,Medium Risk,Medium Spend,Monitor quarterly; request additional evidence
S0361,Helios Components,Morocco,Africa,Medium,15,IT Services,Tier 3,Low,56209.3,2021-10-04,True,False,Full,62.11,58.55,46.42,2025-12-11,Supplier Questionnaire,True,2025-05-30,64.44,Minor,180.0,True,0.0,3,1.0,62.11,58.55,46.42,0,8,0,0,5,8.39,73.9748,High Risk,Low Spend,Prioritize for audit and mitigation plan
S0362,Cobalt Industries,New Zealand,Oceania,Low,5,IT Services,Tier 2,Low,201724.01,2022-01-23,True,True,Full,86.95,47.19,78.07,2025-06-01,Third-party Rating,False,,,,,False,0.0,3,1.0,86.95,47.19,78.07,0,4,0,0,0,2.0,40.54560000000001,Medium Risk,Low Spend,Monitor quarterly; request additional evidence
S0363,Atlas Components,United Kingdom,Europe,Low,5,Tools & Machinery,Tier 1,Medium,1280814.37,2025-05-03,True,True,Partial,79.73,67.79,83.62,2024-02-06,Supplier Questionnaire,False,,,,,False,0.0,3,1.0,79.73,67.79,83.62,2,0,4,0,0,2.0,34.551199999999994,Low Risk,High Spend,Approved; monitor annually
S0364,Cobalt Group,United Kingdom,Europe,Low,5,Components,Tier 1,Low,237871.25,2025-04-01,True,True,Partial,53.73,85.52,73.58,2025-08-11,Supplier Questionnaire,False,,,,,False,0.0,3,1.0,53.73,85.52,73.58,0,0,4,0,0,2.0,35.952000000000005,Low Risk,Low Spend,Approved; monitor annually
S0365,Eclipse Components,New Zealand,Oceania,Low,5,Logistics,Tier 1,Low,73741.14,2025-11-03,True,True,Limited,65.92,62.45,69.0,2024-09-03,Supplier Questionnaire,True,2024-01-31,83.82,None,365.0,False,0.0,3,1.0,65.92,62.45,69.0,0,0,10,0,0,0.0,47.2324,Medium Risk,Low Spend,Monitor quarterly; request additional evidence
S0366,Zenith Manufacturing,Malaysia,Asia,Medium,15,Consulting,Tier 1,Low,147173.94,2024-05-19,True,True,Partial,60.03,73.13,63.02,2024-02-07,Supplier Questionnaire,False,,,,,False,0.0,3,1.0,60.03,73.13,63.02,0,0,4,0,0,6.0,52.0232,Medium Risk,Low Spend,Monitor quarterly; request additional evidence
S0367,Meridian Logistics,Morocco,Africa,Medium,15,Tools & Machinery,Tier 1,Low,374384.0,2021-11-28,True,True,Full,39.93,60.5,62.65,2025-01-21,Internal Assessment,False,,,,,False,19.0,3,1.0,39.93,60.5,62.65,0,0,0,0,0,6.0,69.2716,Medium Risk,Medium Spend,Monitor quarterly; request additional evidence
S0368,Novatek Systems,France,Europe,Low,5,Chemicals,Tier 1,Low,390566.38,2019-12-27,True,True,Full,58.69,74.03,67.33,2025-08-10,Supplier Questionnaire,True,2024-12-28,63.42,None,365.0,True,0.0,3,1.0,58.69,74.03,67.33,0,0,0,0,0,1.6449999999999996,36.80420000000001,Low Risk,Medium Spend,Approved; monitor annually
S0369,Cascade Group,Canada,Americas,Low,5,Components,Tier 2,High,429138.82,2024-01-09,True,False,Full,,,67.87,2024-09-20,Supplier Questionnaire,False,,,,,False,0.0,1,0.3333333333333333,69.185,65.88,67.87,5,4,0,0,5,2.0,51.3078,Medium Risk,Medium Spend,Monitor quarterly; request additional evidence
S0370,Atlas Holdings,Morocco,Africa,Medium,15,Tools & Machinery,Tier 3,Low,165407.86,2016-01-17,True,True,Partial,56.05,79.38,56.21,2024-02-11,Third-party Rating,False,,,,,False,0.0,3,1.0,56.05,79.38,56.21,0,8,4,0,0,6.0,60.81680000000001,Medium Risk,Low Spend,Monitor quarterly; request additional evidence
S0371,Zenith Manufacturing,Switzerland,Europe,Low,5,Facility,Tier 1,Medium,72425.7,2021-05-15,True,False,Limited,,66.01,57.49,2025-04-13,Third-party Rating,False,,,,,False,0.0,2,0.6666666666666666,67.09,66.01,57.49,2,0,10,0,5,2.0,58.164,Medium Risk,Low Spend,Monitor quarterly; request additional evidence
S0372,Alpine Services,Thailand,Asia,Medium,15,Components,Tier 1,Low,95279.7,2025-03-11,True,True,Partial,75.08,71.28,67.07,2025-10-15,Supplier Questionnaire,False,,,,,False,0.0,3,1.0,75.08,71.28,67.07,0,0,4,0,0,6.0,47.25320000000001,Medium Risk,Low Spend,Monitor quarterly; request additional evidence
S0373,Alpine Materials,Philippines,Asia,Medium,15,Components,Tier 1,Medium,127578.69,2023-05-15,True,True,Full,58.98,55.97,58.8,2025-05-05,Internal Assessment,False,,,,,False,0.0,3,1.0,58.98,55.97,58.8,2,0,0,0,0,6.0,58.531600000000005,Medium Risk,Low Spend,Monitor quarterly; request additional evidence
S0374,Argent Systems,Indonesia,Asia,High,25,Facility,Tier 1,Low,57753.37,2020-07-08,True,True,Full,57.99,65.2,,2025-08-24,Supplier Questionnaire,True,2025-07-09,66.52,Minor,180.0,True,12.0,2,0.6666666666666666,57.99,65.2,67.76,0,0,0,0,0,7.870000000000001,64.2196,Medium Risk,Low Spend,Monitor quarterly; request additional evidence
S0375,Lumen Manufacturing,Tunisia,Africa,Medium,15,Logistics,Tier 1,Low,132233.81,2017-05-29,False,True,Partial,57.96,,54.98,2025-05-05,Internal Assessment,True,2025-12-19,76.05,None,365.0,True,3.0,2,0.6666666666666666,57.96,65.365,54.98,0,0,4,12,0,0.0,65.9316,Medium Risk,Low Spend,Request signature/commitment before continuation
S0376,Lumen Holdings,Malaysia,Asia,Medium,15,Components,Tier 2,Medium,91438.7,2017-10-05,True,True,Partial,79.31,57.48,65.14,2025-12-25,Supplier Questionnaire,False,,,,,False,3.0,3,1.0,79.31,57.48,65.14,2,4,4,0,0,6.0,59.8564,Medium Risk,Low Spend,Monitor quarterly; request additional evidence
S0377,Vega Group,Saudi Arabia,Middle East,Medium,15,Metals & Minerals,Tier 1,Medium,41396.35,2025-02-21,True,True,Limited,75.93,86.96,,2024-12-07,Internal Assessment,False,,,,,False,0.0,2,0.6666666666666666,75.93,86.96,67.18,2,0,10,0,0,6.0,48.708,Medium Risk,Low Spend,Monitor quarterly; request additional evidence
S0378,Novatek Systems,Australia,Oceania,Low,5,Consulting,Tier 3,Low,101293.87,2019-08-15,True,False,Limited,74.12,49.23,75.9,2024-11-08,Third-party Rating,False,,,,,False,7.0,3,1.0,74.12,49.23,75.9,0,8,10,0,5,2.0,66.8664,Medium Risk,Low Spend,Monitor quarterly; request additional evidence
S0379,Lumen Supply,Indonesia,Asia,High,25,Metals & Minerals,Tier 1,Low,1571627.46,2016-02-17,True,True,Full,70.13,36.4,62.65,2025-11-13,Supplier Questionnaire,False,,,,,False,0.0,3,1.0,70.13,36.4,62.65,0,0,0,0,0,6.0,65.5056,Medium Risk,High Spend,Monitor quarterly; request additional evidence
S0380,Helios Services,Saudi Arabia,Middle East,Medium,15,Facility,Tier 2,High,545106.64,2022-08-18,True,True,Full,71.37,74.14,74.89,2025-02-10,Supplier Questionnaire,False,,,,,False,0.0,3,1.0,71.37,74.14,74.89,5,4,0,0,0,6.0,49.6456,Medium Risk,Medium Spend,Monitor quarterly; request additional evidence
S0381,Nimbus Manufacturing,Mexico,Americas,Medium,15,Chemicals,Tier 2,Low,111565.83,2016-11-07,True,True,Full,56.48,53.88,62.05,2025-09-23,Third-party Rating,True,2024-11-27,79.84,None,365.0,False,7.0,3,1.0,56.48,53.88,62.05,0,4,0,0,0,0.0,58.87760000000001,Medium Risk,Low Spend,Monitor quarterly; request additional evidence
S0382,Lumen Components,New Zealand,Oceania,Low,5,Components,Tier 1,Low,147744.05,2025-12-17,True,True,Partial,83.3,65.56,84.05,2025-05-08,Supplier Questionnaire,False,,,,,False,0.0,3,1.0,83.3,65.56,84.05,0,0,4,0,0,2.0,32.306000000000004,Low Risk,Low Spend,Approved; monitor annually
S0383,Atlas Materials,United Kingdom,Europe,Low,5,Packaging,Tier 2,Low,1084000.49,2016-09-01,True,True,Full,88.67,86.28,81.62,2024-11-09,Supplier Questionnaire,False,,,,,False,3.0,3,1.0,88.67,86.28,81.62,0,4,0,0,0,2.0,24.941999999999997,Low Risk,High Spend,Approved; monitor annually
S0384,Vega Manufacturing,New Zealand,Oceania,Low,5,Components,Tier 2,Low,319117.03,2023-06-30,True,True,Partial,89.82,79.02,66.11,2024-06-14,Third-party Rating,False,,,,,False,0.0,3,1.0,89.82,79.02,66.11,0,4,4,0,0,2.0,34.8372,Low Risk,Medium Spend,Approved; monitor annually
S0385,Novatek Components,South Korea,Asia,Low,5,Metals & Minerals,Tier 3,Low,272704.0,2018-01-18,True,True,Full,58.5,74.09,84.33,2024-06-08,Supplier Questionnaire,False,,,,,False,7.0,3,1.0,58.5,74.09,84.33,0,8,0,0,0,2.0,43.598400000000005,Medium Risk,Medium Spend,Monitor quarterly; request additional evidence
S0386,Alpine Group,South Africa,Africa,Medium,15,IT Services,Tier 2,Medium,123252.79,2017-11-27,True,True,Full,72.95,74.87,,2024-02-02,Supplier Questionnaire,True,2025-01-29,70.69,None,365.0,True,0.0,2,0.6666666666666666,72.95,74.87,68.87,2,4,0,0,0,0.0,41.837599999999995,Medium Risk,Low Spend,Monitor quarterly; request additional evidence
S0387,Lumen Holdings,Indonesia,Asia,High,25,Logistics,Tier 1,Low,158545.58,2021-08-23,True,True,Limited,,74.0,65.01,2024-08-30,Supplier Questionnaire,False,,,,,False,0.0,2,0.6666666666666666,67.71,74.0,65.01,0,0,10,0,0,6.0,60.388,Medium Risk,Low Spend,Monitor quarterly; request additional evidence
S0388,Aurora Group,China,Asia,High,25,Components,Tier 1,Low,231820.24,2016-08-27,True,True,Limited,60.61,,57.8,2024-02-29,Third-party Rating,False,,,,,False,3.0,2,0.6666666666666666,60.61,65.88,57.8,0,0,10,0,0,6.0,69.5812,Medium Risk,Low Spend,Monitor quarterly; request additional evidence
S0389,Atlas Materials,China,Asia,High,25,Packaging,Tier 2,Low,112814.4,2021-03-29,True,True,Limited,47.29,78.94,43.48,2024-08-04,Internal Assessment,False,,,,,False,10.0,3,1.0,47.29,78.94,43.48,0,4,10,0,0,6.0,80.5192,High Risk,Low Spend,Prioritize for audit and mitigation plan
S0390,Argent Systems,India,Asia,High,25,Metals & Minerals,Tier 1,Low,1192606.43,2020-05-27,True,True,Full,64.89,61.63,66.69,2024-02-06,Internal Assessment,True,2024-09-29,78.8,None,365.0,True,3.0,3,1.0,64.89,61.63,66.69,0,0,0,0,0,0.0,51.238,Medium Risk,High Spend,Monitor quarterly; request additional evidence
S0391,Cascade Group,Italy,Europe,Low,5,Metals & Minerals,Tier 1,Low,970265.98,2017-07-20,False,True,Partial,76.85,78.25,68.11,2024-02-20,Third-party Rating,False,,,,,False,12.0,3,1.0,76.85,78.25,68.11,0,0,4,12,0,2.0,52.7368,Medium Risk,Medium Spend,Request signature/commitment before continuation
S0392,Aurora Supply,Saudi Arabia,Middle East,Medium,15,Logistics,Tier 3,Medium,20140.84,2017-10-26,False,True,Full,91.68,57.36,50.82,2024-09-05,Third-party Rating,False,,,,,False,0.0,3,1.0,91.68,57.36,50.82,2,8,0,12,0,6.0,71.3732,High Risk,Low Spend,Request signature/commitment before continuation
S0393,Vega Materials,Tunisia,Africa,Medium,15,Tools & Machinery,Tier 2,Low,98708.77,2022-06-08,True,True,Partial,64.27,71.26,70.97,2024-08-02,Supplier Questionnaire,False,,,,,False,0.0,3,1.0,64.27,71.26,70.97,0,4,4,0,0,6.0,53.04,Medium Risk,Low Spend,Monitor quarterly; request additional evidence
S0394,Alpine Group,Italy,Europe,Low,5,Consulting,Tier 1,High,139769.55,2020-01-31,True,True,Full,68.67,94.82,81.2,2025-10-19,Supplier Questionnaire,False,,,,,False,0.0,3,1.0,68.67,94.82,81.2,5,0,0,0,0,2.0,26.610400000000002,Low Risk,Low Spend,Approved; monitor annually
S0395,Meridian Supply,Germany,Europe,Low,5,Consulting,Tier 1,High,550480.24,2016-04-08,True,True,Full,82.39,84.7,82.31,2024-08-03,Supplier Questionnaire,False,,,,,False,0.0,3,1.0,82.39,84.7,82.31,5,0,0,0,0,2.0,26.461599999999997,Low Risk,Medium Spend,Approved; monitor annually
S0396,Zenith Holdings,Germany,Europe,Low,5,Components,Tier 1,Low,990238.83,2018-03-21,True,True,Limited,74.48,78.83,59.76,2025-04-07,Supplier Questionnaire,True,2024-12-26,63.01,Minor,180.0,True,0.0,3,1.0,74.48,78.83,59.76,0,0,10,0,0,8.7475,49.9879,Medium Risk,Medium Spend,Monitor quarterly; request additional evidence
S0397,Helios Supply,Indonesia,Asia,High,25,Logistics,Tier 1,Low,289913.43,2016-03-12,True,True,Partial,60.62,59.55,55.86,2025-04-30,Third-party Rating,True,2025-10-19,68.44,Major,30.0,True,12.0,3,1.0,60.62,59.55,55.86,0,0,4,0,0,15.39,81.0712,High Risk,Medium Spend,Immediate corrective action + 30-day follow-up
S0398,Lumen Manufacturing,Indonesia,Asia,High,25,Facility,Tier 2,High,89701.55,2017-01-14,True,True,Full,72.73,33.36,70.38,2024-04-08,Supplier Questionnaire,True,2025-05-07,55.13,None,365.0,True,0.0,3,1.0,72.73,33.36,70.38,5,4,0,0,0,3.7174999999999994,70.23750000000001,High Risk,Low Spend,Prioritize for audit and mitigation plan
S0399,Alpine Group,Indonesia,Asia,High,25,IT Services,Tier 1,Low,106978.57,2022-07-10,True,True,Partial,65.31,66.76,62.06,2025-06-16,Supplier Questionnaire,False,,,,,False,0.0,3,1.0,65.31,66.76,62.06,0,0,4,0,0,6.0,58.9,Medium Risk,Low Spend,Monitor quarterly; request additional evidence
S0400,Atlas Logistics,New Zealand,Oceania,Low,5,Tools & Machinery,Tier 2,Low,450195.89,2018-05-19,True,True,Partial,63.27,63.47,,2024-01-01,Third-party Rating,True,2025-03-17,81.62,None,365.0,True,0.0,2,0.6666666666666666,63.27,63.47,70.97,0,4,4,0,0,0.0,44.936,Medium Risk,Medium Spend,Monitor quarterly; request additional evidence
S0401,Argent Manufacturing,Brazil,Americas,Medium,15,Components,Tier 1,Medium,295432.91,2023-03-21,True,True,Full,59.84,81.27,82.53,2025-11-30,Supplier Questionnaire,False,,,,,False,0.0,3,1.0,59.84,81.27,82.53,2,0,0,0,0,6.0,40.577200000000005,Medium Risk,Medium Spend,Monitor quarterly; request additional evidence
S0402,Cascade Group,Singapore,Asia,Low,5,Chemicals,Tier 1,Low,120589.0,2024-07-20,True,True,Full,76.34,,100.0,2024-03-03,Supplier Questionnaire,False,,,,,False,0.0,2,0.6666666666666666,76.34,68.28,100.0,0,0,0,0,0,2.0,24.0628,Low Risk,Low Spend,Approved; monitor annually
S0403,Argent Partners,Taiwan,Asia,Low,5,Packaging,Tier 1,Low,121933.01,2022-09-04,True,True,Full,53.48,81.52,63.95,2024-06-24,Internal Assessment,False,,,,,False,7.0,3,1.0,53.48,81.52,63.95,0,0,0,0,0,2.0,40.5536,Medium Risk,Low Spend,Monitor quarterly; request additional evidence
S0404,Cascade Industries,Tunisia,Africa,Medium,15,Metals & Minerals,Tier 2,High,1231084.32,2018-01-18,True,True,Limited,80.03,59.61,56.43,2024-03-11,Third-party Rating,False,,,,,False,0.0,3,1.0,80.03,59.61,56.43,5,4,10,0,0,6.0,68.94,Medium Risk,High Spend,Monitor quarterly; request additional evidence
S0405,Nimbus Systems,Canada,Americas,Low,5,Metals & Minerals,Tier 1,Low,575467.69,2016-02-17,True,True,Partial,89.19,41.15,87.49,2024-08-26,Supplier Questionnaire,False,,,,,False,3.0,3,1.0,89.19,41.15,87.49,0,0,4,0,0,2.0,40.970000000000006,Medium Risk,Medium Spend,Monitor quarterly; request additional evidence
S0406,Eclipse Services,Italy,Europe,Low,5,IT Services,Tier 1,Low,127053.41,2016-11-08,True,False,Partial,,61.19,,2025-05-05,Supplier Questionnaire,False,,,,,False,0.0,1,0.3333333333333333,69.77,61.19,68.87,0,0,4,0,5,2.0,47.7,Medium Risk,Low Spend,Monitor quarterly; request additional evidence
S0407,Orion Holdings,Morocco,Africa,Medium,15,Metals & Minerals,Tier 2,Medium,395080.51,2020-03-18,True,True,Partial,54.47,75.65,70.05,2024-04-03,Third-party Rating,False,,,,,False,7.0,3,1.0,54.47,75.65,70.05,2,4,4,0,0,6.0,60.1724,Medium Risk,Medium Spend,Monitor quarterly; request additional evidence
S0408,Alpine Systems,Singapore,Asia,Low,5,Consulting,Tier 2,Medium,50847.7,2024-12-02,True,True,Partial,62.62,,,2025-05-26,Third-party Rating,True,2024-03-29,79.14,None,365.0,True,12.0,1,0.3333333333333333,62.62,61.12,66.98,2,4,4,0,0,0.0,55.9348,Medium Risk,Low Spend,Monitor quarterly; request additional evidence
S0409,Aurora Systems,Switzerland,Europe,Low,5,Packaging,Tier 1,Low,107132.49,2018-08-04,True,True,Partial,80.32,,91.85,2025-03-27,Supplier Questionnaire,True,2024-10-21,68.65,None,365.0,False,0.0,2,0.6666666666666666,80.32,64.11,91.85,0,0,4,0,0,0.3374999999999986,29.561900000000005,Low Risk,Low Spend,Approved; monitor annually
S0410,Cascade Holdings,Mexico,Americas,Medium,15,Packaging,Tier 1,Low,376701.13,2019-10-17,True,True,Partial,69.0,,54.36,2025-03-26,Third-party Rating,True,2025-03-05,69.8,Minor,180.0,False,0.0,2,0.6666666666666666,69.0,64.11,54.36,0,0,4,0,0,7.050000000000001,56.940799999999996,Medium Risk,Medium Spend,Monitor quarterly; request additional evidence
S0411,Vega Holdings,Tunisia,Africa,Medium,15,Logistics,Tier 1,High,74959.28,2022-03-28,False,True,Partial,66.39,,62.51,2025-03-03,Internal Assessment,True,2024-05-07,61.39,None,365.0,False,0.0,2,0.6666666666666666,66.39,65.365,62.51,5,0,4,12,0,2.1525,66.6641,Medium Risk,Low Spend,Request signature/commitment before continuation
S0412,Aurora Systems,Brazil,Americas,Medium,15,Components,Tier 1,Low,581441.31,2020-02-03,False,True,Limited,57.18,50.76,56.77,2024-02-11,Supplier Questionnaire,True,2025-12-21,93.51,None,365.0,True,0.0,3,1.0,57.18,50.76,56.77,0,0,10,12,0,0.0,75.7692,High Risk,Medium Spend,Request signature/commitment before continuation
S0413,Cascade Holdings,South Korea,Asia,Low,5,Consulting,Tier 2,Low,26158.71,2018-12-10,True,True,Full,,57.15,61.06,2025-04-10,Supplier Questionnaire,False,,,,,False,0.0,2,0.6666666666666666,69.58,57.15,61.06,0,4,0,0,0,2.0,46.8684,Medium Risk,Low Spend,Monitor quarterly; request additional evidence
S0414,Nimbus Group,Tunisia,Africa,Medium,15,IT Services,Tier 2,Medium,537479.64,2025-06-23,True,False,Full,68.58,85.65,64.82,2024-07-03,Third-party Rating,False,,,,,False,7.0,3,1.0,68.58,85.65,64.82,2,4,0,0,5,6.0,54.8952,Medium Risk,Medium Spend,Monitor quarterly; request additional evidence
S0415,Lumen Partners,Tunisia,Africa,Medium,15,Facility,Tier 1,High,168395.11,2024-09-04,True,True,Partial,79.14,47.45,85.31,2024-09-23,Supplier Questionnaire,True,2024-08-25,78.68,None,365.0,True,0.0,3,1.0,79.14,47.45,85.31,5,0,4,0,0,0.0,48.8116,Medium Risk,Low Spend,Monitor quarterly; request additional evidence
S0416,Meridian Partners,Malaysia,Asia,Medium,15,Chemicals,Tier 3,Medium,145586.54,2020-11-14,True,True,Limited,66.74,52.77,77.48,2024-05-18,Internal Assessment,True,2024-03-10,88.84,None,365.0,True,0.0,3,1.0,66.74,52.77,77.48,2,8,10,0,0,0.0,63.6612,Medium Risk,Low Spend,Monitor quarterly; request additional evidence
S0417,Lumen Services,United Kingdom,Europe,Low,5,Components,Tier 1,Medium,392322.5,2020-04-01,True,True,Limited,78.03,92.56,76.35,2024-01-16,Supplier Questionnaire,False,,,,,False,0.0,3,1.0,78.03,92.56,76.35,2,0,10,0,0,2.0,33.4456,Low Risk,Medium Spend,Approved; monitor annually
S0418,Aurora Holdings,Malaysia,Asia,Medium,15,Metals & Minerals,Tier 1,Medium,403809.6,2016-03-23,True,True,Full,66.57,60.51,70.6,2025-07-13,Third-party Rating,True,2024-01-19,60.14,Minor,180.0,False,0.0,3,1.0,66.57,60.51,70.6,2,0,0,0,0,9.465,54.27940000000001,Medium Risk,Medium Spend,Monitor quarterly; request additional evidence
S0419,Cobalt Components,Brazil,Americas,Medium,15,Packaging,Tier 1,Low,208197.29,2022-05-01,True,True,Partial,,79.76,,2025-07-06,Internal Assessment,True,2025-08-14,50.33,Minor,180.0,True,0.0,1,0.3333333333333333,72.38,79.76,69.13,0,0,4,0,0,11.9175,49.8755,Medium Risk,Low Spend,Monitor quarterly; request additional evidence
S0420,Novatek Services,Vietnam,Asia,High,25,Metals & Minerals,Tier 2,Low,77482.22,2018-07-30,True,True,Full,,,52.39,2025-11-13,Supplier Questionnaire,True,2024-02-14,67.99,Minor,180.0,False,12.0,1,0.3333333333333333,67.95,64.68,52.39,0,4,0,0,0,7.502500000000001,70.1897,High Risk,Low Spend,Prioritize for audit and mitigation plan
S0421,Helios Manufacturing,South Africa,Africa,Medium,15,Consulting,Tier 2,High,253768.33,2025-11-02,True,True,Full,61.81,58.91,73.85,2024-10-02,Third-party Rating,True,2024-04-28,75.26,None,365.0,False,7.0,3,1.0,61.81,58.91,73.85,5,4,0,0,0,0.0,56.59720000000001,Medium Risk,Medium Spend,Monitor quarterly; request additional evidence
S0422,Orion Holdings,Turkey,Europe/Asia,Medium,15,IT Services,Tier 1,Medium,140479.01,2021-04-02,True,True,Partial,69.77,62.82,65.55,2025-01-04,Supplier Questionnaire,False,,,,,False,6.0,3,1.0,69.77,62.82,65.55,2,0,4,0,0,6.0,57.910399999999996,Medium Risk,Low Spend,Monitor quarterly; request additional evidence
S0423,Nimbus Manufacturing,Singapore,Asia,Low,5,Metals & Minerals,Tier 2,Medium,197625.81,2016-03-08,True,True,Partial,76.58,56.24,62.62,2024-03-25,Internal Assessment,True,2024-07-01,86.49,None,365.0,False,3.0,3,1.0,76.58,56.24,62.62,2,4,4,0,0,0.0,50.4232,Medium Risk,Low Spend,Monitor quarterly; request additional evidence
S0424,Eclipse Components,Tunisia,Africa,Medium,15,Metals & Minerals,Tier 1,Medium,192108.11,2025-02-19,False,False,Partial,52.13,58.44,66.64,2024-10-09,Supplier Questionnaire,False,,,,,False,3.0,3,1.0,52.13,58.44,66.64,2,0,4,12,5,6.0,79.6028,High Risk,Low Spend,Request signature/commitment before continuation
S0425,Nimbus Partners,Switzerland,Europe,Low,5,IT Services,Tier 2,Low,161806.63,2018-09-27,True,True,Full,64.91,91.44,70.27,2025-08-17,Third-party Rating,False,,,,,False,0.0,3,1.0,64.91,91.44,70.27,0,4,0,0,0,2.0,31.512800000000006,Low Risk,Low Spend,Approved; monitor annually
S0426,Eclipse Services,Indonesia,Asia,High,25,Components,Tier 1,Low,163694.82,2021-07-15,False,True,Partial,64.78,,60.6,2025-11-27,Third-party Rating,False,,,,,False,12.0,2,0.6666666666666666,64.78,65.88,60.6,0,0,4,12,0,6.0,78.4676,High Risk,Low Spend,Request signature/commitment before continuation
S0427,Meridian Group,South Africa,Africa,Medium,15,Tools & Machinery,Tier 3,Low,530194.37,2018-01-23,True,True,Full,62.23,44.66,79.06,2024-10-20,Third-party Rating,False,,,,,False,0.0,3,1.0,62.23,44.66,79.06,0,8,0,0,0,6.0,61.662400000000005,Medium Risk,Medium Spend,Monitor quarterly; request additional evidence
S0428,Atlas Systems,Switzerland,Europe,Low,5,Components,Tier 2,Low,444193.88,2016-02-10,True,True,Full,90.07,58.0,,2024-10-12,Supplier Questionnaire,False,,,,,False,0.0,2,0.6666666666666666,90.07,58.0,69.62,0,4,0,0,0,2.0,38.05200000000001,Low Risk,Medium Spend,Approved; monitor annually
S0429,Lumen Supply,United Arab Emirates,Middle East,Medium,15,Metals & Minerals,Tier 2,Low,373533.22,2021-12-31,True,True,Limited,69.06,53.26,80.49,2025-09-28,Supplier Questionnaire,True,2024-02-17,79.57,None,365.0,True,0.0,3,1.0,69.06,53.26,80.49,0,4,10,0,0,0.0,55.8524,Medium Risk,Medium Spend,Monitor quarterly; request additional evidence
S0430,Argent Materials,Malaysia,Asia,Medium,15,Chemicals,Tier 1,Low,357236.31,2022-08-24,True,True,Full,80.91,42.85,80.28,2025-08-09,Third-party Rating,True,2024-10-22,92.75,None,365.0,True,0.0,3,1.0,80.91,42.85,80.28,0,0,0,0,0,0.0,42.7656,Medium Risk,Medium Spend,Monitor quarterly; request additional evidence
S0431,Vega Materials,United States,Americas,Low,5,IT Services,Tier 2,Low,31722.51,2021-03-09,True,True,Full,63.84,68.94,82.75,2024-10-16,Third-party Rating,False,,,,,False,0.0,3,1.0,63.84,68.94,82.75,0,4,0,0,0,2.0,36.818799999999996,Low Risk,Low Spend,Approved; monitor annually
S0432,Novatek Holdings,South Africa,Africa,Medium,15,Chemicals,Tier 1,Medium,58474.05,2016-06-20,True,True,Full,70.39,55.75,68.04,2024-04-20,Supplier Questionnaire,True,2024-09-22,79.45,None,365.0,True,3.0,3,1.0,70.39,55.75,68.04,2,0,0,0,0,0.0,48.117999999999995,Medium Risk,Low Spend,Monitor quarterly; request additional evidence
S0433,Eclipse Manufacturing,United States,Americas,Low,5,Facility,Tier 2,High,334908.26,2016-10-29,True,True,Full,92.73,52.37,80.55,2025-08-27,Third-party Rating,True,2025-12-09,65.23,Minor,180.0,True,0.0,3,1.0,92.73,52.37,80.55,5,4,0,0,0,8.192499999999999,47.254099999999994,Medium Risk,Medium Spend,Monitor quarterly; request additional evidence
S0434,Vega Systems,United States,Americas,Low,5,IT Services,Tier 1,Low,91071.93,2022-01-10,True,True,Full,89.89,70.45,,2025-04-04,Supplier Questionnaire,False,,,,,False,0.0,2,0.6666666666666666,89.89,70.45,68.87,0,0,0,0,0,2.0,29.3624,Low Risk,Low Spend,Approved; monitor annually
S0435,Novatek Manufacturing,China,Asia,High,25,Metals & Minerals,Tier 1,Low,219529.77,2018-11-19,True,True,Full,67.91,65.84,67.76,2024-03-31,Supplier Questionnaire,False,,,,,False,12.0,3,1.0,67.91,65.84,67.76,0,0,0,0,0,6.0,59.316,Medium Risk,Low Spend,Monitor quarterly; request additional evidence
S0436,Lumen Services,Brazil,Americas,Medium,15,Components,Tier 1,Medium,116207.01,2019-07-22,True,True,Partial,68.01,71.71,62.68,2024-01-30,Supplier Questionnaire,True,2024-05-08,54.02,None,365.0,False,0.0,3,1.0,68.01,71.71,62.68,2,0,4,0,0,3.994999999999999,50.4606,Medium Risk,Low Spend,Monitor quarterly; request additional evidence
S0437,Orion Services,South Africa,Africa,Medium,15,Facility,Tier 1,Medium,74555.67,2021-08-29,True,True,Partial,73.36,34.61,76.14,2025-05-05,Third-party Rating,True,2024-11-22,93.89,None,365.0,True,0.0,3,1.0,73.36,34.61,76.14,2,0,4,0,0,0.0,55.5004,Medium Risk,Low Spend,Monitor quarterly; request additional evidence
S0438,Helios Group,Morocco,Africa,Medium,15,Tools & Machinery,Tier 3,Low,540682.7,2020-10-03,True,True,Full,64.26,75.55,65.25,2025-11-24,Supplier Questionnaire,False,,,,,False,0.0,3,1.0,64.26,75.55,65.25,0,8,0,0,0,6.0,53.1572,Medium Risk,Medium Spend,Monitor quarterly; request additional evidence
S0439,Zenith Materials,Tunisia,Africa,Medium,15,Consulting,Tier 1,Low,241507.14,2023-04-27,True,True,Partial,62.25,60.16,87.92,2024-10-05,Supplier Questionnaire,False,,,,,False,0.0,3,1.0,62.25,60.16,87.92,0,0,4,0,0,6.0,48.6216,Medium Risk,Low Spend,Monitor quarterly; request additional evidence
S0440,Cobalt Holdings,Italy,Europe,Low,5,Metals & Minerals,Tier 2,High,564565.09,2018-02-23,True,True,Limited,62.68,70.58,,2025-10-20,Supplier Questionnaire,True,2024-07-04,77.79,Minor,180.0,True,0.0,2,0.6666666666666666,62.68,70.58,67.18,5,4,10,0,0,7.0,61.47,Medium Risk,Medium Spend,Monitor quarterly; request additional evidence
S0441,Argent Materials,Japan,Asia,Low,5,Packaging,Tier 2,Medium,87288.22,2020-12-16,True,True,Limited,57.07,61.61,61.53,2025-08-21,Supplier Questionnaire,False,,,,,False,0.0,3,1.0,57.07,61.61,61.53,2,4,10,0,0,2.0,60.436800000000005,Medium Risk,Low Spend,Monitor quarterly; request additional evidence
S0442,Argent Systems,China,Asia,High,25,Tools & Machinery,Tier 1,Low,394772.61,2021-12-18,True,True,Full,62.23,62.91,76.88,2024-09-14,Supplier Questionnaire,True,2025-01-31,80.21,Minor,180.0,True,0.0,3,1.0,62.23,62.91,76.88,0,0,0,0,0,7.0,53.56,Medium Risk,Medium Spend,Monitor quarterly; request additional evidence
S0443,Eclipse Holdings,Vietnam,Asia,High,25,Facility,Tier 1,Medium,408161.68,2017-01-24,False,True,Full,,71.61,62.0,2025-07-26,Supplier Questionnaire,True,2024-08-10,53.82,Major,30.0,False,0.0,2,0.6666666666666666,67.09,71.61,62.0,2,0,0,12,0,19.045,79.5258,High Risk,Medium Spend,Immediate corrective action + 30-day follow-up
S0444,Cascade Partners,Italy,Europe,Low,5,Packaging,Tier 2,Low,78821.41,2016-10-01,True,True,Full,83.01,49.74,90.72,2025-11-30,Third-party Rating,False,,,,,False,0.0,3,1.0,83.01,49.74,90.72,0,4,0,0,0,2.0,36.580799999999996,Low Risk,Low Spend,Approved; monitor annually
S0445,Cascade Materials,New Zealand,Oceania,Low,5,Consulting,Tier 1,Medium,158262.32,2022-11-17,True,True,Limited,95.72,81.67,75.16,2025-02-21,Supplier Questionnaire,True,2025-05-18,86.03,None,365.0,True,0.0,3,1.0,95.72,81.67,75.16,2,0,10,0,0,0.0,31.229200000000002,Low Risk,Low Spend,Approved; monitor annually
S0446,Nimbus Group,Germany,Europe,Low,5,Facility,Tier 1,Low,671077.9,2020-05-06,True,True,Partial,62.24,87.8,80.99,2025-01-17,Third-party Rating,False,,,,,False,0.0,3,1.0,62.24,87.8,80.99,0,0,4,0,0,2.0,30.286000000000005,Low Risk,Medium Spend,Approved; monitor annually
S0447,Helios Manufacturing,Saudi Arabia,Middle East,Medium,15,Components,Tier 1,Medium,630746.24,2023-12-27,True,True,Partial,75.95,51.31,69.0,2024-04-29,Third-party Rating,False,,,,,False,0.0,3,1.0,75.95,51.31,69.0,2,0,4,0,0,6.0,56.38,Medium Risk,Medium Spend,Monitor quarterly; request additional evidence
S0448,Vega Holdings,Taiwan,Asia,Low,5,IT Services,Tier 1,Low,103779.8,2022-12-10,True,True,Full,66.95,64.79,,2024-10-09,Supplier Questionnaire,False,,,,,False,0.0,2,0.6666666666666666,66.95,64.79,68.87,0,0,0,0,0,2.0,38.0496,Low Risk,Low Spend,Approved; monitor annually
S0449,Alpine Components,Malaysia,Asia,Medium,15,Components,Tier 1,Low,588837.38,2019-08-10,True,False,Partial,67.72,58.27,39.63,2024-10-06,Internal Assessment,False,,,,,False,0.0,3,1.0,67.72,58.27,39.63,0,0,4,0,5,6.0,68.2988,Medium Risk,Medium Spend,Monitor quarterly; request additional evidence
S0450,Helios Supply,Australia,Oceania,Low,5,Packaging,Tier 1,Medium,46342.75,2016-11-30,True,True,Partial,95.53,68.63,77.7,2025-01-04,Supplier Questionnaire,False,,,,,False,0.0,3,1.0,95.53,68.63,77.7,2,0,4,0,0,2.0,31.6856,Low Risk,Low Spend,Approved; monitor annually
S0451,Atlas Supply,Singapore,Asia,Low,5,IT Services,Tier 1,Low,153346.18,2017-11-06,True,True,Partial,91.96,93.77,77.41,2025-12-01,Third-party Rating,False,,,,,False,0.0,3,1.0,91.96,93.77,77.41,0,0,4,0,0,2.0,20.722000000000005,Low Risk,Low Spend,Approved; monitor annually
S0452,Novatek Components,France,Europe,Low,5,Tools & Machinery,Tier 1,Medium,588301.61,2021-05-31,True,True,Full,85.24,,83.37,2024-02-03,Internal Assessment,False,,,,,False,3.0,2,0.6666666666666666,85.24,67.47,83.37,2,0,0,0,0,2.0,30.8664,Low Risk,Medium Spend,Approved; monitor annually
S0453,Nimbus Industries,Italy,Europe,Low,5,Tools & Machinery,Tier 1,Low,485345.19,2024-01-22,True,True,Full,70.45,68.38,,2024-03-30,Supplier Questionnaire,False,,,,,False,0.0,2,0.6666666666666666,70.45,68.38,70.97,0,0,0,0,0,2.0,34.961600000000004,Low Risk,Medium Spend,Approved; monitor annually
S0454,Orion Manufacturing,Malaysia,Asia,Medium,15,Chemicals,Tier 1,Medium,265260.75,2022-08-01,True,True,Limited,66.19,,65.08,2024-09-18,Supplier Questionnaire,False,,,,,False,0.0,2,0.6666666666666666,66.19,68.28,65.08,2,0,10,0,0,6.0,59.5792,Medium Risk,Medium Spend,Monitor quarterly; request additional evidence
S0455,Meridian Materials,Switzerland,Europe,Low,5,Logistics,Tier 1,High,507443.85,2018-06-30,True,True,Partial,,,87.38,2024-10-26,Supplier Questionnaire,True,2024-10-11,67.69,Minor,180.0,False,0.0,1,0.3333333333333333,67.71,65.365,87.38,5,0,4,0,0,7.577500000000001,46.261100000000006,Medium Risk,Medium Spend,Monitor quarterly; request additional evidence
S0456,Eclipse Group,South Korea,Asia,Low,5,Logistics,Tier 2,Low,199750.65,2020-11-21,True,True,Limited,83.86,36.31,64.09,2024-01-18,Third-party Rating,False,,,,,False,0.0,3,1.0,83.86,36.31,64.09,0,4,10,0,0,2.0,60.2364,Medium Risk,Low Spend,Monitor quarterly; request additional evidence
S0457,Cobalt Materials,South Africa,Africa,Medium,15,Consulting,Tier 3,Medium,149180.41,2017-10-21,True,False,Limited,,52.82,67.77,2024-08-18,Supplier Questionnaire,True,2024-09-25,36.96,Minor,180.0,True,3.0,2,0.6666666666666666,69.58,52.82,67.77,2,8,10,0,5,15.26,87.86320000000002,High Risk,Low Spend,Prioritize for audit and mitigation plan
S0458,Argent Partners,Spain,Europe,Low,5,Packaging,Tier 2,Medium,163346.86,2021-09-04,True,True,Limited,76.65,51.27,61.9,2024-03-11,Supplier Questionnaire,True,2024-03-14,91.49,None,365.0,True,12.0,3,1.0,76.65,51.27,61.9,2,4,10,0,0,0.0,63.572,Medium Risk,Low Spend,Monitor quarterly; request additional evidence
S0459,Argent Systems,Malaysia,Asia,Medium,15,Components,Tier 1,Medium,150785.28,2025-03-28,True,False,Full,73.96,58.58,72.6,2024-12-12,Supplier Questionnaire,False,,,,,False,0.0,3,1.0,73.96,58.58,72.6,2,0,0,0,5,6.0,53.87720000000001,Medium Risk,Low Spend,Monitor quarterly; request additional evidence
S0460,Vega Systems,United Kingdom,Europe,Low,5,Logistics,Tier 2,Low,321259.14,2025-09-14,True,True,Partial,91.35,57.23,61.19,2025-07-25,Internal Assessment,True,2025-05-01,63.4,Minor,180.0,True,0.0,3,1.0,91.35,57.23,61.19,0,4,4,0,0,8.65,51.3492,Medium Risk,Medium Spend,Monitor quarterly; request additional evidence
S0461,Eclipse Supply,South Korea,Asia,Low,5,Packaging,Tier 2,Medium,134032.41,2024-08-12,True,True,Limited,70.45,68.61,62.48,2024-10-26,Third-party Rating,False,,,,,False,0.0,3,1.0,70.45,68.61,62.48,2,4,10,0,0,2.0,53.5864,Medium Risk,Low Spend,Monitor quarterly; request additional evidence
S0462,Lumen Logistics,Switzerland,Europe,Low,5,Components,Tier 1,Low,617638.07,2024-06-09,True,True,Limited,59.28,63.83,79.7,2025-06-17,Internal Assessment,False,,,,,False,0.0,3,1.0,59.28,63.83,79.7,0,0,10,0,0,2.0,47.1156,Medium Risk,Medium Spend,Monitor quarterly; request additional evidence
S0463,Helios Holdings,Spain,Europe,Low,5,Chemicals,Tier 2,Low,293052.81,2016-05-15,True,True,Limited,87.12,,70.91,2025-09-24,Third-party Rating,False,,,,,False,0.0,2,0.6666666666666666,87.12,68.28,70.91,0,4,10,0,0,2.0,44.3532,Medium Risk,Medium Spend,Monitor quarterly; request additional evidence
S0464,Zenith Logistics,Australia,Oceania,Low,5,IT Services,Tier 1,Low,107706.39,2021-12-16,True,True,Partial,79.75,72.92,,2024-04-12,Internal Assessment,False,,,,,False,0.0,2,0.6666666666666666,79.75,72.92,68.87,0,0,4,0,0,2.0,35.2136,Low Risk,Low Spend,Approved; monitor annually
S0465,Eclipse Industries,South Korea,Asia,Low,5,IT Services,Tier 3,Low,74728.74,2016-10-07,False,False,Full,81.8,34.4,64.52,2025-12-28,Third-party Rating,True,2024-07-27,57.0,Minor,180.0,True,0.0,3,1.0,81.8,34.4,64.52,0,8,0,12,5,10.25,80.6896,High Risk,Low Spend,Request signature/commitment before continuation
S0466,Lumen Systems,Switzerland,Europe,Low,5,Facility,Tier 1,High,203346.34,2022-12-16,True,True,Full,51.07,76.78,71.54,2024-10-16,Internal Assessment,True,2024-06-02,76.35,None,365.0,True,0.0,3,1.0,51.07,76.78,71.54,5,0,0,0,0,0.0,39.845600000000005,Low Risk,Low Spend,Approved; monitor annually
S0467,Orion Systems,Morocco,Africa,Medium,15,Facility,Tier 1,Medium,444455.36,2016-08-26,True,False,Full,63.18,50.91,66.22,2024-11-01,Supplier Questionnaire,True,2024-01-17,69.6,None,365.0,False,0.0,3,1.0,63.18,50.91,66.22,2,0,0,0,5,0.10000000000000142,56.10520000000001,Medium Risk,Medium Spend,Monitor quarterly; request additional evidence
S0468,Orion Materials,Germany,Europe,Low,5,Components,Tier 1,Low,175040.3,2019-02-24,True,True,Partial,95.68,84.71,60.41,2025-02-24,Supplier Questionnaire,False,,,,,False,0.0,3,1.0,95.68,84.71,60.41,0,0,4,0,0,2.0,28.744400000000002,Low Risk,Low Spend,Approved; monitor annually
S0469,Vega Industries,Indonesia,Asia,High,25,Chemicals,Tier 1,Low,517923.23,2019-03-09,False,True,Limited,59.97,40.13,68.86,2024-06-02,Supplier Questionnaire,False,,,,,False,0.0,3,1.0,59.97,40.13,68.86,0,0,10,12,0,6.0,86.8712,High Risk,Medium Spend,Request signature/commitment before continuation
S0470,Zenith Services,Singapore,Asia,Low,5,Tools & Machinery,Tier 2,Medium,356176.71,2022-04-03,True,True,Partial,87.94,82.46,67.38,2025-02-15,Supplier Questionnaire,False,,,,,False,0.0,3,1.0,87.94,82.46,67.38,2,4,4,0,0,2.0,35.58120000000001,Low Risk,Medium Spend,Approved; monitor annually
S0471,Helios Services,Vietnam,Asia,High,25,Components,Tier 1,Low,443342.36,2018-04-30,True,True,Partial,71.79,,76.39,2025-06-20,Supplier Questionnaire,True,2024-06-15,67.11,Minor,180.0,False,0.0,2,0.6666666666666666,71.79,65.88,76.39,0,0,4,0,0,7.7225,54.5745,Medium Risk,Medium Spend,Monitor quarterly; request additional evidence
S0472,Cobalt Partners,Canada,Americas,Low,5,Tools & Machinery,Tier 2,Low,620104.36,2016-03-30,True,False,Partial,75.13,64.85,90.97,2024-04-07,Third-party Rating,True,2024-07-23,82.52,None,365.0,True,0.0,3,1.0,75.13,64.85,90.97,0,4,4,0,5,0.0,39.6632,Low Risk,Medium Spend,Approved; monitor annually
S0473,Meridian Holdings,Saudi Arabia,Middle East,Medium,15,Facility,Tier 2,Low,147754.63,2025-05-20,True,True,Partial,60.69,43.19,,2024-07-29,Supplier Questionnaire,False,,,,,False,0.0,2,0.6666666666666666,60.69,43.19,67.76,0,4,4,0,0,6.0,66.2976,Medium Risk,Low Spend,Monitor quarterly; request additional evidence
S0474,Eclipse Logistics,Canada,Americas,Low,5,Consulting,Tier 2,Low,324443.07,2023-12-25,True,False,Partial,97.12,67.98,66.95,2024-07-27,Supplier Questionnaire,True,2024-02-24,67.75,Minor,180.0,True,0.0,3,1.0,97.12,67.98,66.95,0,4,4,0,5,7.5625,47.5029,Medium Risk,Medium Spend,Monitor quarterly; request additional evidence
S0475,Meridian Systems,Switzerland,Europe,Low,5,Tools & Machinery,Tier 2,Low,201210.65,2020-10-17,True,True,Full,78.41,,73.98,2024-03-07,Internal Assessment,False,,,,,False,0.0,2,0.6666666666666666,78.41,67.47,73.98,0,4,0,0,0,2.0,36.1336,Low Risk,Low Spend,Approved; monitor annually
S0476,Lumen Supply,United States,Americas,Low,5,Components,Tier 1,Low,1105640.44,2022-04-09,False,True,Partial,,77.23,87.09,2024-10-24,Third-party Rating,False,,,,,False,0.0,2,0.6666666666666666,69.185,77.23,87.09,0,0,4,12,0,2.0,42.617399999999996,Medium Risk,High Spend,Request signature/commitment before continuation
S0477,Argent Group,United States,Americas,Low,5,IT Services,Tier 2,High,154984.86,2020-03-17,True,True,Partial,82.58,69.62,76.06,2025-10-12,Internal Assessment,True,2024-04-07,62.18,None,365.0,True,0.0,3,1.0,82.58,69.62,76.06,5,4,4,0,0,1.955,42.395399999999995,Medium Risk,Low Spend,Monitor quarterly; request additional evidence
S0478,Helios Industries,Malaysia,Asia,Medium,15,Chemicals,Tier 1,Medium,520584.54,2023-05-16,True,True,Full,79.74,80.04,75.53,2024-11-09,Supplier Questionnaire,False,,,,,False,0.0,3,1.0,79.74,80.04,75.53,2,0,0,0,0,6.0,37.7372,Low Risk,Medium Spend,Approved; monitor annually
S0479,Lumen Group,United Kingdom,Europe,Low,5,Chemicals,Tier 1,Medium,116290.95,2019-07-18,True,True,Partial,78.21,73.33,,2024-07-15,Internal Assessment,False,,,,,False,0.0,2,0.6666666666666666,78.21,73.33,68.025,2,0,4,0,0,2.0,37.751200000000004,Low Risk,Low Spend,Approved; monitor annually
S0480,Argent Holdings,South Africa,Africa,Medium,15,Components,Tier 1,Low,285794.89,2018-11-14,True,True,Full,71.87,57.45,65.26,2024-08-11,Supplier Questionnaire,False,,,,,False,0.0,3,1.0,71.87,57.45,65.26,0,0,0,0,0,6.0,50.2632,Medium Risk,Medium Spend,Monitor quarterly; request additional evidence
S0481,Helios Logistics,France,Europe,Low,5,Facility,Tier 1,High,116621.74,2016-06-02,True,True,Full,97.25,87.98,96.28,2024-02-29,Third-party Rating,False,,,,,False,0.0,3,1.0,97.25,87.98,96.28,5,0,0,0,0,2.0,16.5184,Low Risk,Low Spend,Approved; monitor annually
S0482,Argent Group,Singapore,Asia,Low,5,Tools & Machinery,Tier 1,Medium,193729.73,2016-03-06,True,True,Full,62.77,53.13,78.85,2024-07-25,Internal Assessment,False,,,,,False,0.0,3,1.0,62.77,53.13,78.85,2,0,0,0,0,2.0,42.690400000000004,Medium Risk,Low Spend,Monitor quarterly; request additional evidence
S0483,Zenith Systems,United Arab Emirates,Middle East,Medium,15,Chemicals,Tier 1,High,253281.23,2019-11-03,True,True,Limited,80.4,61.25,74.62,2025-11-11,Supplier Questionnaire,False,,,,,False,12.0,3,1.0,80.4,61.25,74.62,5,0,10,0,0,6.0,64.9596,Medium Risk,Medium Spend,Monitor quarterly; request additional evidence
S0484,Nimbus Partners,Morocco,Africa,Medium,15,Consulting,Tier 1,High,314071.33,2022-10-16,True,True,Partial,76.04,64.71,79.99,2025-02-16,Internal Assessment,False,,,,,False,0.0,3,1.0,76.04,64.71,79.99,5,0,4,0,0,6.0,50.47800000000001,Medium Risk,Medium Spend,Monitor quarterly; request additional evidence
S0485,Lumen Partners,Thailand,Asia,Medium,15,Consulting,Tier 1,Medium,357702.86,2025-06-10,True,True,Partial,81.59,78.76,61.24,2025-10-04,Internal Assessment,True,2025-05-31,86.23,None,365.0,False,15.0,3,1.0,81.59,78.76,61.24,2,0,4,0,0,0.0,48.554,Medium Risk,Medium Spend,Monitor quarterly; request additional evidence
S0486,Cascade Industries,Spain,Europe,Low,5,Metals & Minerals,Tier 1,Medium,301723.49,2020-09-02,True,True,Partial,,67.68,80.06,2024-06-10,Third-party Rating,False,,,,,False,0.0,2,0.6666666666666666,67.95,67.68,80.06,2,0,4,0,0,2.0,39.032799999999995,Low Risk,Medium Spend,Approved; monitor annually
S0487,Aurora Supply,Australia,Oceania,Low,5,Facility,Tier 3,Low,43089.71,2025-11-26,True,True,Partial,89.5,65.01,77.04,2025-07-08,Supplier Questionnaire,True,2025-02-10,82.91,None,365.0,True,0.0,3,1.0,89.5,65.01,77.04,0,8,4,0,0,0.0,39.033199999999994,Low Risk,Low Spend,Approved; monitor annually
S0488,Vega Supply,United States,Americas,Low,5,Facility,Tier 1,Low,221002.17,2018-04-25,True,True,Full,67.09,61.32,62.77,2024-06-02,Supplier Questionnaire,False,,,,,False,0.0,3,1.0,67.09,61.32,62.77,0,0,0,0,0,2.0,41.3504,Medium Risk,Low Spend,Monitor quarterly; request additional evidence
S0489,Vega Services,New Zealand,Oceania,Low,5,Components,Tier 1,Low,409060.82,2022-01-27,True,True,Full,75.34,,76.39,2025-07-24,Internal Assessment,False,,,,,False,0.0,2,0.6666666666666666,75.34,65.88,76.39,0,0,0,0,0,2.0,32.858000000000004,Low Risk,Medium Spend,Approved; monitor annually
S0490,Nimbus Logistics,United Arab Emirates,Middle East,Medium,15,Components,Tier 1,Low,530947.47,2021-02-14,True,True,Partial,72.96,74.12,79.49,2025-12-05,Third-party Rating,True,2024-03-25,56.28,None,365.0,True,0.0,3,1.0,72.96,74.12,79.49,0,0,4,0,0,3.4299999999999997,40.1664,Medium Risk,Medium Spend,Monitor quarterly; request additional evidence
S0491,Cobalt Partners,Saudi Arabia,Middle East,Medium,15,Components,Tier 2,Low,182726.62,2018-03-15,True,True,Partial,56.14,58.59,,2025-02-23,Internal Assessment,False,,,,,False,12.0,2,0.6666666666666666,56.14,58.59,69.62,0,4,4,0,0,6.0,67.41640000000001,Medium Risk,Low Spend,Monitor quarterly; request additional evidence
S0492,Aurora Systems,Italy,Europe,Low,5,Metals & Minerals,Tier 2,Medium,199016.07,2017-11-11,True,True,Partial,80.95,68.27,59.85,2024-08-15,Third-party Rating,True,2025-01-26,58.68,None,365.0,True,0.0,3,1.0,80.95,68.27,59.85,2,4,4,0,0,2.83,46.454,Medium Risk,Low Spend,Monitor quarterly; request additional evidence
S0493,Zenith Holdings,Germany,Europe,Low,5,Facility,Tier 2,Medium,83081.0,2016-07-30,True,True,Partial,90.98,56.63,,2024-10-22,Supplier Questionnaire,False,,,,,False,7.0,2,0.6666666666666666,90.98,56.63,67.76,2,4,4,0,0,2.0,48.7904,Medium Risk,Low Spend,Monitor quarterly; request additional evidence
S0494,Atlas Group,United States,Americas,Low,5,Tools & Machinery,Tier 1,Low,926964.53,2025-09-07,False,True,Partial,82.64,57.0,62.26,2025-07-25,Internal Assessment,False,,,,,False,0.0,3,1.0,82.64,57.0,62.26,0,0,4,12,0,2.0,54.8876,Medium Risk,Medium Spend,Request signature/commitment before continuation
S0495,Atlas Partners,Canada,Americas,Low,5,Tools & Machinery,Tier 1,High,1784884.72,2022-12-15,True,True,Full,73.64,80.93,82.79,2025-09-09,Supplier Questionnaire,False,,,,,False,3.0,3,1.0,73.64,80.93,82.79,5,0,0,0,0,2.0,31.915999999999993,Low Risk,High Spend,Approved; monitor annually
S0496,Cobalt Materials,Switzerland,Europe,Low,5,IT Services,Tier 2,Medium,87630.47,2017-07-15,True,True,Partial,74.67,49.9,62.59,2024-02-15,Third-party Rating,False,,,,,False,0.0,3,1.0,74.67,49.9,62.59,2,4,4,0,0,2.0,53.8536,Medium Risk,Low Spend,Monitor quarterly; request additional evidence
S0497,Alpine Components,United Kingdom,Europe,Low,5,Logistics,Tier 1,High,167414.02,2018-03-27,True,True,Limited,64.1,71.58,63.7,2025-08-13,Supplier Questionnaire,False,,,,,False,0.0,3,1.0,64.1,71.58,63.7,5,0,10,0,0,2.0,52.786,Medium Risk,Low Spend,Monitor quarterly; request additional evidence
S0498,Atlas Group,Singapore,Asia,Low,5,Packaging,Tier 1,Low,270045.42,2021-05-13,True,True,Limited,61.86,66.47,76.46,2025-09-18,Third-party Rating,False,,,,,False,0.0,3,1.0,61.86,66.47,76.46,0,0,10,0,0,2.0,46.374,Medium Risk,Medium Spend,Monitor quarterly; request additional evidence
S0499,Lumen Logistics,China,Asia,High,25,Tools & Machinery,Tier 2,Low,1049624.03,2016-11-29,True,True,Limited,62.08,62.61,59.0,2025-11-20,Third-party Rating,True,2025-03-16,59.13,Minor,180.0,True,15.0,3,1.0,62.08,62.61,59.0,0,4,10,0,0,9.7175,84.4111,High Risk,High Spend,Prioritize for audit and mitigation plan
S0500,Meridian Supply,Saudi Arabia,Middle East,Medium,15,Facility,Tier 1,Medium,684676.77,2024-10-07,True,True,Partial,60.74,,81.07,2024-12-31,Internal Assessment,False,,,,,False,0.0,2,0.6666666666666666,60.74,66.305,81.07,2,0,4,0,0,6.0,50.7784,Medium Risk,Medium Spend,Monitor quarterly; request additional evidence
S0501,Zenith Manufacturing,Vietnam,Asia,High,25,Components,Tier 3,Low,142549.34,2024-11-17,True,True,Full,58.6,79.55,56.76,2025-08-08,Supplier Questionnaire,True,2025-09-28,42.81,Minor,180.0,True,0.0,3,1.0,58.6,79.55,56.76,0,8,0,0,0,13.7975,69.1563,Medium Risk,Low Spend,Monitor quarterly; request additional evidence
S0502,Novatek Materials,New Zealand,Oceania,Low,5,IT Services,Tier 1,Low,119352.76,2025-07-20,True,True,Partial,67.72,69.45,79.07,2025-04-28,Supplier Questionnaire,True,2024-07-06,72.71,None,365.0,False,0.0,3,1.0,67.72,69.45,79.07,0,0,4,0,0,0.0,34.706,Low Risk,Low Spend,Approved; monitor annually
S0503,Helios Manufacturing,United Kingdom,Europe,Low,5,Metals & Minerals,Tier 2,Medium,382556.16,2022-07-19,True,True,Full,79.31,75.09,73.72,2025-09-18,Internal Assessment,True,2024-12-16,87.06,None,365.0,False,0.0,3,1.0,79.31,75.09,73.72,2,4,0,0,0,0.0,32.916799999999995,Low Risk,Medium Spend,Approved; monitor annually
S0504,Vega Holdings,Japan,Asia,Low,5,Packaging,Tier 1,Low,212684.57,2021-07-03,True,True,Full,78.39,75.82,71.5,2025-06-25,Third-party Rating,True,2024-09-25,75.76,None,365.0,False,0.0,3,1.0,78.39,75.82,71.5,0,0,0,0,0,0.0,27.592800000000004,Low Risk,Low Spend,Approved; monitor annually
S0505,Eclipse Group,United Kingdom,Europe,Low,5,Metals & Minerals,Tier 1,High,497277.35,2019-09-22,True,True,Limited,62.57,81.84,,2024-02-09,Supplier Questionnaire,True,2024-09-29,91.71,None,365.0,True,0.0,2,0.6666666666666666,62.57,81.84,67.18,5,0,10,0,0,0.0,45.99679999999999,Medium Risk,Medium Spend,Monitor quarterly; request additional evidence
S0506,Novatek Manufacturing,Philippines,Asia,Medium,15,Consulting,Tier 2,High,116873.44,2018-08-06,True,True,Limited,65.73,60.56,78.26,2025-09-11,Third-party Rating,True,2025-04-20,66.93,Minor,180.0,True,3.0,3,1.0,65.73,60.56,78.26,5,4,10,0,0,7.767499999999998,68.9959,Medium Risk,Low Spend,Monitor quarterly; request additional evidence
S0507,Cascade Materials,Philippines,Asia,Medium,15,Consulting,Tier 2,Low,134723.46,2016-10-22,True,True,Partial,54.8,57.28,68.61,2024-05-18,Supplier Questionnaire,True,2025-03-24,83.77,None,365.0,False,0.0,3,1.0,54.8,57.28,68.61,0,4,4,0,0,0.0,56.0388,Medium Risk,Low Spend,Monitor quarterly; request additional evidence
S0508,Novatek Group,Philippines,Asia,Medium,15,IT Services,Tier 1,Medium,683954.24,2018-03-14,True,True,Partial,81.29,66.09,86.26,2025-03-17,Supplier Questionnaire,False,,,,,False,0.0,3,1.0,81.29,66.09,86.26,2,0,4,0,0,6.0,43.4496,Medium Risk,Medium Spend,Monitor quarterly; request additional evidence
S0509,Vega Supply,Tunisia,Africa,Medium,15,Metals & Minerals,Tier 1,Low,236657.29,2024-07-03,True,True,Limited,79.75,63.18,68.8,2024-03-17,Supplier Questionnaire,True,2024-01-29,65.1,Minor,180.0,True,0.0,3,1.0,79.75,63.18,68.8,0,0,10,0,0,8.225000000000001,56.857000000000006,Medium Risk,Low Spend,Monitor quarterly; request additional evidence
S0510,Cobalt Systems,United Kingdom,Europe,Low,5,Packaging,Tier 2,Low,165464.41,2020-12-12,True,True,Full,80.39,73.68,83.44,2025-05-23,Third-party Rating,False,,,,,False,0.0,3,1.0,80.39,73.68,83.44,0,4,0,0,0,2.0,30.067999999999998,Low Risk,Low Spend,Approved; monitor annually
S0511,Nimbus Services,Spain,Europe,Low,5,Tools & Machinery,Tier 1,Low,2703352.7,2024-03-29,False,True,Partial,,63.22,62.85,2024-10-24,Supplier Questionnaire,False,,,,,False,0.0,2,0.6666666666666666,70.45,63.22,62.85,0,0,4,12,0,2.0,55.624,Medium Risk,High Spend,Request signature/commitment before continuation
S0512,Vega Holdings,Australia,Oceania,Low,5,Metals & Minerals,Tier 1,Low,234160.57,2019-06-23,True,True,Partial,78.33,71.87,77.69,2025-04-05,Internal Assessment,True,2025-09-27,48.53,Minor,180.0,True,0.0,3,1.0,78.33,71.87,77.69,0,0,4,0,0,12.3675,43.5763,Medium Risk,Low Spend,Monitor quarterly; request additional evidence
S0513,Eclipse Group,Italy,Europe,Low,5,Packaging,Tier 1,Medium,280832.36,2018-09-01,True,True,Partial,65.84,,74.74,2025-07-20,Third-party Rating,False,,,,,False,0.0,2,0.6666666666666666,65.84,64.11,74.74,2,0,4,0,0,2.0,42.754000000000005,Medium Risk,Medium Spend,Monitor quarterly; request additional evidence
S0514,Lumen Components,Mexico,Americas,Medium,15,Components,Tier 2,Medium,1333482.22,2024-10-11,True,True,Full,69.08,49.73,66.27,2024-01-08,Third-party Rating,False,,,,,False,0.0,3,1.0,69.08,49.73,66.27,2,4,0,0,0,6.0,59.809200000000004,Medium Risk,High Spend,Monitor quarterly; request additional evidence
S0515,Eclipse Group,South Korea,Asia,Low,5,Chemicals,Tier 1,Low,261064.78,2024-07-01,True,True,Full,79.24,71.47,65.08,2024-09-08,Third-party Rating,False,,,,,False,0.0,3,1.0,79.24,71.47,65.08,0,0,0,0,0,2.0,33.1492,Low Risk,Medium Spend,Approved; monitor annually
S0516,Cobalt Materials,Indonesia,Asia,High,25,Components,Tier 1,Medium,869279.71,2024-08-31,True,True,Partial,49.84,26.33,72.48,2025-10-04,Supplier Questionnaire,False,,,,,False,0.0,3,1.0,49.84,26.33,72.48,2,0,4,0,0,6.0,78.06920000000001,High Risk,Medium Spend,Prioritize for audit and mitigation plan
S0517,Orion Systems,Morocco,Africa,Medium,15,Logistics,Tier 1,High,502017.06,2022-12-20,True,True,Partial,98.0,93.69,69.37,2025-04-29,Supplier Questionnaire,False,,,,,False,0.0,3,1.0,98.0,93.69,69.37,5,0,4,0,0,6.0,36.1356,Low Risk,Medium Spend,Approved; monitor annually
S0518,Atlas Partners,Italy,Europe,Low,5,Facility,Tier 1,Medium,244218.65,2022-10-18,True,True,Partial,73.94,52.36,91.71,2024-11-04,Third-party Rating,False,,,,,False,0.0,3,1.0,73.94,52.36,91.71,2,0,4,0,0,2.0,39.7556,Low Risk,Low Spend,Approved; monitor annually
S0519,Orion Manufacturing,Philippines,Asia,Medium,15,IT Services,Tier 2,Low,417988.11,2017-08-01,False,True,Full,59.78,64.99,65.47,2024-11-01,Third-party Rating,False,,,,,False,0.0,3,1.0,59.78,64.99,65.47,0,4,0,12,0,6.0,66.5652,Medium Risk,Medium Spend,Request signature/commitment before continuation
S0520,Nimbus Holdings,Philippines,Asia,Medium,15,Packaging,Tier 1,Low,273475.66,2024-10-20,True,True,Partial,79.7,45.14,67.43,2025-07-03,Third-party Rating,False,,,,,False,0.0,3,1.0,79.7,45.14,67.43,0,0,4,0,0,6.0,56.3004,Medium Risk,Medium Spend,Monitor quarterly; request additional evidence
S0521,Cobalt Industries,Malaysia,Asia,Medium,15,Logistics,Tier 2,Medium,121029.14,2019-05-08,False,True,Partial,45.82,59.74,,2024-09-08,Supplier Questionnaire,False,,,,,False,0.0,2,0.6666666666666666,45.82,59.74,67.73,2,4,4,12,0,6.0,77.85079999999999,High Risk,Low Spend,Request signature/commitment before continuation
S0522,Argent Components,United States,Americas,Low,5,Chemicals,Tier 3,Low,118965.41,2023-06-06,True,True,Partial,67.78,48.09,66.32,2024-01-01,Supplier Questionnaire,False,,,,,False,0.0,3,1.0,67.78,48.09,66.32,0,8,4,0,0,2.0,57.31320000000001,Medium Risk,Low Spend,Monitor quarterly; request additional evidence
S0523,Zenith Group,Philippines,Asia,Medium,15,Metals & Minerals,Tier 1,Low,480891.05,2024-04-25,True,True,Limited,59.85,71.26,66.9,2024-11-10,Third-party Rating,False,,,,,False,10.0,3,1.0,59.85,71.26,66.9,0,0,10,0,0,6.0,63.08,Medium Risk,Medium Spend,Monitor quarterly; request additional evidence
S0524,Eclipse Logistics,Morocco,Africa,Medium,15,IT Services,Tier 1,Low,118815.71,2021-01-26,True,True,Limited,68.68,65.41,54.62,2024-09-11,Internal Assessment,False,,,,,False,0.0,3,1.0,68.68,65.41,54.62,0,0,10,0,0,6.0,61.3772,Medium Risk,Low Spend,Monitor quarterly; request additional evidence
S0525,Novatek Manufacturing,Taiwan,Asia,Low,5,Chemicals,Tier 3,Low,123265.56,2022-04-25,False,True,Partial,83.29,43.31,56.73,2024-01-26,Internal Assessment,False,,,,,False,0.0,3,1.0,83.29,43.31,56.73,0,8,4,12,0,2.0,69.9512,Medium Risk,Low Spend,Request signature/commitment before continuation
S0526,Helios Partners,Tunisia,Africa,Medium,15,Logistics,Tier 1,Low,168914.72,2018-08-06,True,True,Full,,63.72,,2025-08-08,Third-party Rating,True,2024-12-28,75.26,None,365.0,False,0.0,1,0.3333333333333333,67.71,63.72,67.73,0,0,0,0,0,0.0,42.1296,Medium Risk,Low Spend,Monitor quarterly; request additional evidence
S0527,Zenith Components,Mexico,Americas,Medium,15,Tools & Machinery,Tier 2,Medium,510081.49,2023-10-17,True,False,Partial,59.08,38.37,63.93,2025-09-20,Supplier Questionnaire,True,2025-05-02,47.62,Major,30.0,True,0.0,3,1.0,59.08,38.37,63.93,2,4,4,0,5,20.595,91.497,High Risk,Medium Spend,Immediate corrective action + 30-day follow-up
S0528,Aurora Supply,Singapore,Asia,Low,5,Components,Tier 2,Medium,1717778.1,2017-01-25,True,True,Partial,92.42,65.45,86.54,2025-12-22,Supplier Questionnaire,False,,,,,False,7.0,3,1.0,92.42,65.45,86.54,2,4,4,0,0,2.0,38.8496,Low Risk,High Spend,Approved; monitor annually
S0529,Eclipse Partners,Tunisia,Africa,Medium,15,IT Services,Tier 3,Medium,129149.26,2025-08-15,True,True,Limited,64.22,58.87,50.68,2025-01-28,Supplier Questionnaire,False,,,,,False,3.0,3,1.0,64.22,58.87,50.68,2,8,10,0,0,6.0,78.15280000000001,High Risk,Low Spend,Prioritize for audit and mitigation plan
S0530,Eclipse Materials,Switzerland,Europe,Low,5,Facility,Tier 1,Low,574906.46,2019-06-01,True,True,Full,83.23,74.46,72.94,2024-09-09,Supplier Questionnaire,True,2024-04-10,70.4,None,365.0,True,0.0,3,1.0,83.23,74.46,72.94,0,0,0,0,0,0.0,26.320800000000006,Low Risk,Medium Spend,Approved; monitor annually
S0531,Novatek Manufacturing,China,Asia,High,25,Components,Tier 1,Medium,582319.51,2017-01-09,True,True,Limited,67.65,52.36,,2024-01-01,Supplier Questionnaire,True,2024-11-16,33.73,Minor,180.0,True,0.0,2,0.6666666666666666,67.65,52.36,69.62,2,0,10,0,0,16.067500000000003,79.6531,High Risk,Medium Spend,Prioritize for audit and mitigation plan
S0532,Vega Services,Taiwan,Asia,Low,5,Components,Tier 2,High,565366.44,2025-05-13,True,True,Full,68.02,56.23,,2024-06-19,Supplier Questionnaire,False,,,,,False,0.0,2,0.6666666666666666,68.02,56.23,69.62,5,4,0,0,0,2.0,49.934,Medium Risk,Medium Spend,Monitor quarterly; request additional evidence
S0533,Cascade Partners,Spain,Europe,Low,5,Facility,Tier 1,Low,113874.6,2019-01-03,False,True,Full,,72.66,53.52,2025-10-01,Internal Assessment,False,,,,,False,0.0,2,0.6666666666666666,67.09,72.66,53.52,0,0,0,12,0,2.0,51.7744,Medium Risk,Low Spend,Request signature/commitment before continuation
S0534,Aurora Manufacturing,France,Europe,Low,5,Chemicals,Tier 1,Low,190093.63,2023-01-28,True,False,Partial,62.72,70.81,80.24,2024-08-29,Third-party Rating,False,,,,,False,0.0,3,1.0,62.72,70.81,80.24,0,0,4,0,5,2.0,42.1876,Medium Risk,Low Spend,Monitor quarterly; request additional evidence
S0535,Zenith Group,United Kingdom,Europe,Low,5,Consulting,Tier 3,Low,117664.52,2019-06-16,True,True,Full,67.5,61.08,62.62,2024-04-29,Internal Assessment,False,,,,,False,3.0,3,1.0,67.5,61.08,62.62,0,8,0,0,0,2.0,51.0296,Medium Risk,Low Spend,Monitor quarterly; request additional evidence
S0536,Helios Partners,China,Asia,High,25,Tools & Machinery,Tier 1,Low,204507.66,2022-03-16,True,True,Partial,51.28,54.38,66.6,2025-04-08,Internal Assessment,True,2025-05-10,63.33,Minor,180.0,True,0.0,3,1.0,51.28,54.38,66.6,0,0,4,0,0,8.6675,68.99510000000001,Medium Risk,Low Spend,Monitor quarterly; request additional evidence
S0537,Cascade Logistics,India,Asia,High,25,Components,Tier 1,Medium,228963.96,2023-07-30,True,True,Partial,64.81,74.64,69.28,2024-05-03,Internal Assessment,True,2024-11-03,65.71,None,365.0,False,12.0,3,1.0,64.81,74.64,69.28,2,0,4,0,0,1.0725000000000016,57.2501,Medium Risk,Low Spend,Monitor quarterly; request additional evidence
S0538,Novatek Group,United Kingdom,Europe,Low,5,Logistics,Tier 1,Low,220085.08,2016-03-30,True,True,Partial,70.88,89.84,76.62,2025-11-13,Supplier Questionnaire,False,,,,,False,7.0,3,1.0,70.88,89.84,76.62,0,0,4,0,0,2.0,32.2992,Low Risk,Low Spend,Approved; monitor annually
S0539,Lumen Components,South Korea,Asia,Low,5,Facility,Tier 1,Low,569445.99,2022-10-30,True,True,Limited,71.36,,61.06,2024-10-02,Supplier Questionnaire,False,,,,,False,0.0,2,0.6666666666666666,71.36,66.305,61.06,0,0,10,0,0,2.0,48.708,Medium Risk,Medium Spend,Monitor quarterly; request additional evidence
S0540,Argent Materials,Saudi Arabia,Middle East,Medium,15,Metals & Minerals,Tier 1,Low,339713.25,2020-06-15,True,True,Full,58.84,76.19,51.9,2024-04-26,Supplier Questionnaire,False,,,,,False,0.0,3,1.0,58.84,76.19,51.9,0,0,0,0,0,6.0,50.6908,Medium Risk,Medium Spend,Monitor quarterly; request additional evidence
S0541,Argent Services,China,Asia,High,25,Chemicals,Tier 1,Low,51102.51,2017-08-20,False,True,Partial,54.07,61.16,56.31,2025-08-04,Supplier Questionnaire,True,2025-08-12,70.13,None,365.0,True,0.0,3,1.0,54.07,61.16,56.31,0,0,4,12,0,0.0,72.1272,High Risk,Low Spend,Request signature/commitment before continuation
S0542,Novatek Logistics,United Arab Emirates,Middle East,Medium,15,Packaging,Tier 1,High,44844.62,2023-12-11,True,True,Full,50.31,75.48,84.7,2024-04-23,Third-party Rating,False,,,,,False,3.0,3,1.0,50.31,75.48,84.7,5,0,0,0,0,6.0,49.5172,Medium Risk,Low Spend,Monitor quarterly; request additional evidence
S0543,Zenith Logistics,China,Asia,High,25,Chemicals,Tier 1,Medium,71898.72,2016-10-27,True,True,Partial,54.44,60.17,52.62,2024-01-30,Internal Assessment,False,,,,,False,3.0,3,1.0,54.44,60.17,52.62,2,0,4,0,0,6.0,71.2504,High Risk,Low Spend,Prioritize for audit and mitigation plan
S0544,Lumen Partners,Morocco,Africa,Medium,15,Metals & Minerals,Tier 1,High,1009682.16,2022-10-19,False,True,Partial,52.07,60.39,66.71,2024-02-01,Third-party Rating,True,2024-03-20,51.67,None,365.0,True,0.0,3,1.0,52.07,60.39,66.71,5,0,4,12,0,4.5825,73.7497,High Risk,High Spend,Request signature/commitment before continuation
S0545,Helios Group,United Kingdom,Europe,Low,5,Consulting,Tier 1,Low,58440.04,2025-07-02,True,True,Partial,,56.79,72.4,2025-12-17,Internal Assessment,True,2025-02-19,66.02,Minor,180.0,True,0.0,2,0.6666666666666666,69.58,56.79,72.4,0,0,4,0,0,7.995000000000001,49.378600000000006,Medium Risk,Low Spend,Monitor quarterly; request additional evidence
S0546,Lumen Holdings,Philippines,Asia,Medium,15,Components,Tier 2,Low,611643.14,2017-07-05,True,True,Full,,77.78,63.91,2024-09-07,Supplier Questionnaire,True,2025-09-20,66.72,Minor,180.0,True,0.0,2,0.6666666666666666,69.185,77.78,63.91,0,4,0,0,0,7.82,49.135,Medium Risk,Medium Spend,Monitor quarterly; request additional evidence
S0547,Argent Logistics,Indonesia,Asia,High,25,Packaging,Tier 3,Low,177971.38,2020-03-12,True,True,Partial,45.24,58.85,,2024-02-20,Supplier Questionnaire,False,,,,,False,0.0,2,0.6666666666666666,45.24,58.85,69.13,0,8,4,0,0,6.0,73.4212,High Risk,Low Spend,Prioritize for audit and mitigation plan
S0548,Cobalt Group,Philippines,Asia,Medium,15,IT Services,Tier 1,Low,150340.7,2022-05-19,True,True,Partial,73.81,50.01,60.03,2025-04-09,Internal Assessment,False,,,,,False,0.0,3,1.0,73.81,50.01,60.03,0,0,4,0,0,6.0,58.3696,Medium Risk,Low Spend,Monitor quarterly; request additional evidence
S0549,Helios Components,United Kingdom,Europe,Low,5,Components,Tier 1,Medium,105665.87,2025-10-31,True,False,Partial,65.3,66.23,,2024-10-05,Supplier Questionnaire,False,,,,,False,0.0,2,0.6666666666666666,65.3,66.23,69.62,2,0,4,0,5,2.0,48.6956,Medium Risk,Low Spend,Monitor quarterly; request additional evidence
S0550,Eclipse Supply,United Kingdom,Europe,Low,5,Components,Tier 1,High,329369.18,2020-02-03,True,True,Partial,79.8,68.66,73.97,2024-06-22,Supplier Questionnaire,True,2025-05-03,84.33,None,365.0,True,0.0,3,1.0,79.8,68.66,73.97,5,0,4,0,0,0.0,38.27160000000001,Low Risk,Medium Spend,Approved; monitor annually
S0551,Aurora Manufacturing,Italy,Europe,Low,5,Components,Tier 1,Medium,295217.75,2018-02-16,True,True,Full,84.79,54.54,92.48,2024-09-21,Supplier Questionnaire,False,,,,,False,0.0,3,1.0,84.79,54.54,92.48,2,0,0,0,0,2.0,31.599199999999996,Low Risk,Medium Spend,Approved; monitor annually
S0552,Cascade Manufacturing,Malaysia,Asia,Medium,15,Metals & Minerals,Tier 1,Low,474540.23,2016-04-23,True,True,Limited,75.28,59.15,68.8,2024-12-08,Third-party Rating,False,,,,,False,0.0,3,1.0,75.28,59.15,68.8,0,0,10,0,0,6.0,57.4956,Medium Risk,Medium Spend,Monitor quarterly; request additional evidence
S0553,Orion Holdings,India,Asia,High,25,Consulting,Tier 1,Low,59800.45,2024-08-20,True,False,Partial,57.75,64.92,71.66,2024-01-19,Supplier Questionnaire,True,2025-01-31,66.46,None,365.0,True,0.0,3,1.0,57.75,64.92,71.66,0,0,4,0,5,0.8850000000000016,58.56580000000001,Medium Risk,Low Spend,Monitor quarterly; request additional evidence
S0554,Meridian Services,Philippines,Asia,Medium,15,Packaging,Tier 2,High,702567.23,2020-09-23,True,True,Partial,55.93,49.68,78.32,2024-02-10,Supplier Questionnaire,True,2025-11-21,58.75,Major,30.0,True,12.0,3,1.0,55.93,49.68,78.32,5,4,4,0,0,17.8125,85.0677,High Risk,Medium Spend,Immediate corrective action + 30-day follow-up
S0555,Alpine Partners,China,Asia,High,25,Logistics,Tier 2,Low,181981.69,2023-09-14,True,True,Full,46.04,,56.48,2024-04-17,Supplier Questionnaire,True,2024-10-29,76.45,None,365.0,True,0.0,2,0.6666666666666666,46.04,65.365,56.48,0,4,0,0,0,0.0,60.6392,Medium Risk,Low Spend,Monitor quarterly; request additional evidence
S0556,Zenith Manufacturing,Saudi Arabia,Middle East,Medium,15,Facility,Tier 1,Low,234544.96,2024-06-10,True,True,Partial,67.05,58.57,67.62,2025-10-26,Third-party Rating,False,,,,,False,7.0,3,1.0,67.05,58.57,67.62,0,0,4,0,0,6.0,58.2596,Medium Risk,Low Spend,Monitor quarterly; request additional evidence
S0557,Nimbus Partners,Brazil,Americas,Medium,15,Metals & Minerals,Tier 1,Low,598771.64,2017-04-24,True,True,Partial,68.93,62.41,66.65,2025-11-07,Internal Assessment,True,2025-11-10,52.12,Major,30.0,False,0.0,3,1.0,68.93,62.41,66.65,0,0,4,0,0,19.47,66.1276,Medium Risk,Medium Spend,Immediate corrective action + 30-day follow-up
S0558,Nimbus Systems,South Africa,Africa,Medium,15,Components,Tier 1,Medium,1036934.56,2016-04-28,True,True,Full,61.72,72.95,64.74,2025-02-03,Supplier Questionnaire,False,,,,,False,0.0,3,1.0,61.72,72.95,64.74,2,0,0,0,0,6.0,49.071600000000004,Medium Risk,High Spend,Monitor quarterly; request additional evidence
S0559,Eclipse Logistics,Canada,Americas,Low,5,Logistics,Tier 2,Medium,161894.15,2023-12-17,True,True,Partial,,,60.49,2024-05-01,Third-party Rating,False,,,,,False,3.0,1,0.3333333333333333,67.71,65.365,60.49,2,4,4,0,0,2.0,51.93840000000001,Medium Risk,Low Spend,Monitor quarterly; request additional evidence
S0560,Argent Holdings,South Africa,Africa,Medium,15,Components,Tier 1,Low,631378.22,2020-10-23,True,True,Partial,70.58,62.05,,2024-09-28,Internal Assessment,True,2025-09-02,74.54,None,365.0,True,0.0,2,0.6666666666666666,70.58,62.05,69.62,0,0,4,0,0,0.0,45.3892,Medium Risk,Medium Spend,Monitor quarterly; request additional evidence
S0561,Aurora Materials,China,Asia,High,25,Components,Tier 1,Low,208426.87,2018-01-01,True,True,Full,55.61,73.3,,2024-02-06,Supplier Questionnaire,True,2025-08-22,53.73,Major,30.0,True,0.0,2,0.6666666666666666,55.61,73.3,69.62,0,0,0,0,0,19.067500000000003,65.6483,Medium Risk,Low Spend,Immediate corrective action + 30-day follow-up
S0562,Zenith Manufacturing,South Korea,Asia,Low,5,Packaging,Tier 1,Low,687455.48,2020-11-29,True,True,Partial,77.43,68.12,60.97,2024-06-14,Third-party Rating,False,,,,,False,0.0,3,1.0,77.43,68.12,60.97,0,0,4,0,0,2.0,40.3112,Medium Risk,Medium Spend,Monitor quarterly; request additional evidence
S0563,Zenith Group,Morocco,Africa,Medium,15,Packaging,Tier 2,Low,153271.26,2018-09-08,True,False,Full,69.02,64.11,48.41,2025-12-02,Supplier Questionnaire,False,,,,,False,0.0,3,1.0,69.02,64.11,48.41,0,4,0,0,5,6.0,62.78920000000001,Medium Risk,Low Spend,Monitor quarterly; request additional evidence
S0564,Zenith Components,Germany,Europe,Low,5,Logistics,Tier 1,High,151019.21,2023-12-21,True,True,Full,67.1,65.09,52.9,2024-09-13,Internal Assessment,True,2024-07-27,87.45,None,365.0,True,0.0,3,1.0,67.1,65.09,52.9,5,0,0,0,0,0.0,45.998000000000005,Medium Risk,Low Spend,Monitor quarterly; request additional evidence
S0565,Eclipse Systems,Tunisia,Africa,Medium,15,Facility,Tier 1,Medium,113897.39,2016-02-12,True,True,Partial,70.43,75.2,76.24,2024-09-06,Internal Assessment,True,2024-02-11,63.36,Minor,180.0,True,0.0,3,1.0,70.43,75.2,76.24,2,0,4,0,0,8.66,48.7128,Medium Risk,Low Spend,Monitor quarterly; request additional evidence
S0566,Meridian Partners,United States,Americas,Low,5,Packaging,Tier 2,Low,30511.18,2016-09-21,True,True,Full,77.83,81.81,73.03,2024-09-22,Supplier Questionnaire,False,,,,,False,3.0,3,1.0,77.83,81.81,73.03,0,4,0,0,0,2.0,32.513999999999996,Low Risk,Low Spend,Approved; monitor annually
S0567,Helios Components,Vietnam,Asia,High,25,Metals & Minerals,Tier 1,Low,249349.87,2021-12-30,True,True,Partial,76.93,67.53,67.86,2024-10-15,Internal Assessment,False,,,,,False,12.0,3,1.0,76.93,67.53,67.86,0,0,4,0,0,6.0,60.0824,Medium Risk,Low Spend,Monitor quarterly; request additional evidence
S0568,Alpine Holdings,Malaysia,Asia,Medium,15,Packaging,Tier 1,Medium,23409.48,2018-11-30,True,True,Full,72.8,63.51,66.88,2025-05-06,Supplier Questionnaire,False,,,,,False,0.0,3,1.0,72.8,63.51,66.88,2,0,0,0,0,6.0,49.0604,Medium Risk,Low Spend,Monitor quarterly; request additional evidence
S0569,Lumen Holdings,United Arab Emirates,Middle East,Medium,15,IT Services,Tier 2,Low,259398.61,2023-10-17,True,True,Partial,82.15,58.14,78.93,2024-05-16,Supplier Questionnaire,False,,,,,False,0.0,3,1.0,82.15,58.14,78.93,0,4,4,0,0,6.0,50.734399999999994,Medium Risk,Medium Spend,Monitor quarterly; request additional evidence
S0570,Zenith Supply,Turkey,Europe/Asia,Medium,15,Tools & Machinery,Tier 3,Medium,327106.31,2016-05-24,True,True,Partial,48.93,62.57,78.59,2024-05-28,Supplier Questionnaire,False,,,,,False,0.0,3,1.0,48.93,62.57,78.59,2,8,4,0,0,6.0,64.3728,Medium Risk,Medium Spend,Monitor quarterly; request additional evidence
S0571,Argent Components,Spain,Europe,Low,5,Packaging,Tier 1,Medium,75088.23,2018-06-02,True,True,Limited,83.09,60.86,56.51,2025-12-07,Third-party Rating,False,,,,,False,0.0,3,1.0,83.09,60.86,56.51,2,0,10,0,0,2.0,51.0576,Medium Risk,Low Spend,Monitor quarterly; request additional evidence
S0572,Aurora Partners,Switzerland,Europe,Low,5,IT Services,Tier 1,Low,156659.65,2025-11-10,True,True,Partial,,60.39,52.7,2025-10-17,Third-party Rating,False,,,,,False,0.0,2,0.6666666666666666,69.77,60.39,52.7,0,0,4,0,0,2.0,48.1944,Medium Risk,Low Spend,Monitor quarterly; request additional evidence
S0573,Vega Partners,South Korea,Asia,Low,5,Packaging,Tier 1,Low,162286.4,2022-03-06,True,True,Limited,91.56,,66.88,2024-03-31,Supplier Questionnaire,False,,,,,False,0.0,2,0.6666666666666666,91.56,64.11,66.88,0,0,10,0,0,2.0,42.0676,Medium Risk,Low Spend,Monitor quarterly; request additional evidence
S0574,Lumen Partners,United Kingdom,Europe,Low,5,Metals & Minerals,Tier 1,Low,141742.26,2023-01-07,True,True,Full,58.88,80.03,67.31,2025-09-04,Supplier Questionnaire,False,,,,,False,0.0,3,1.0,58.88,80.03,67.31,0,0,0,0,0,2.0,34.7124,Low Risk,Low Spend,Approved; monitor annually
S0575,Helios Systems,Tunisia,Africa,Medium,15,Facility,Tier 2,Medium,115926.28,2019-04-06,True,True,Full,54.21,64.07,,2025-06-17,Supplier Questionnaire,False,,,,,False,3.0,2,0.6666666666666666,54.21,64.07,67.76,2,4,0,0,0,6.0,59.410000000000004,Medium Risk,Low Spend,Monitor quarterly; request additional evidence
S0576,Nimbus Systems,Thailand,Asia,Medium,15,Chemicals,Tier 1,Medium,166293.35,2021-03-04,True,True,Full,84.28,42.67,79.78,2025-04-18,Third-party Rating,False,,,,,False,0.0,3,1.0,84.28,42.67,79.78,2,0,0,0,0,6.0,50.054,Medium Risk,Low Spend,Monitor quarterly; request additional evidence
S0577,Novatek Supply,Turkey,Europe/Asia,Medium,15,Metals & Minerals,Tier 1,Low,293817.9,2016-05-01,True,True,Limited,63.51,55.73,,2024-10-14,Third-party Rating,False,,,,,False,3.0,2,0.6666666666666666,63.51,55.73,67.18,0,0,10,0,0,6.0,64.32759999999999,Medium Risk,Medium Spend,Monitor quarterly; request additional evidence
S0578,Vega Logistics,China,Asia,High,25,Components,Tier 1,Medium,207496.54,2016-10-13,True,True,Partial,75.3,72.98,63.21,2024-09-05,Supplier Questionnaire,False,,,,,False,7.0,3,1.0,75.3,72.98,63.21,2,0,4,0,0,6.0,59.0968,Medium Risk,Low Spend,Monitor quarterly; request additional evidence
S0579,Meridian Supply,France,Europe,Low,5,Components,Tier 2,Low,136576.81,2021-09-02,False,True,Partial,77.38,69.14,62.48,2024-04-30,Supplier Questionnaire,False,,,,,False,0.0,3,1.0,77.38,69.14,62.48,0,4,4,12,0,2.0,55.434000000000005,Medium Risk,Low Spend,Request signature/commitment before continuation
S0580,Argent Industries,India,Asia,High,25,Chemicals,Tier 1,Medium,129977.91,2022-11-21,False,True,Partial,,58.77,72.54,2025-04-08,Internal Assessment,True,2024-09-26,98.0,Minor,180.0,True,24.0,2,0.6666666666666666,70.39,58.77,72.54,2,0,4,12,0,7.0,85.52,High Risk,Low Spend,Request signature/commitment before continuation
S0581,Eclipse Supply,Saudi Arabia,Middle East,Medium,15,IT Services,Tier 1,Medium,103058.99,2017-09-03,True,True,Full,63.19,57.66,71.16,2025-02-12,Internal Assessment,False,,,,,False,3.0,3,1.0,63.19,57.66,71.16,2,0,0,0,0,6.0,54.3716,Medium Risk,Low Spend,Monitor quarterly; request additional evidence
S0582,Orion Partners,Italy,Europe,Low,5,Facility,Tier 1,Low,257317.56,2017-01-16,True,True,Partial,72.6,75.93,83.92,2024-11-13,Supplier Questionnaire,False,,,,,False,0.0,3,1.0,72.6,75.93,83.92,0,0,4,0,0,2.0,31.1956,Low Risk,Medium Spend,Approved; monitor annually
S0583,Nimbus Supply,Taiwan,Asia,Low,5,Logistics,Tier 2,Medium,423778.17,2016-04-25,True,True,Partial,72.49,77.23,67.53,2024-08-09,Third-party Rating,True,2025-06-15,81.84,None,365.0,False,0.0,3,1.0,72.49,77.23,67.53,2,4,4,0,0,0.0,39.9512,Low Risk,Medium Spend,Approved; monitor annually
S0584,Meridian Services,United Kingdom,Europe,Low,5,Chemicals,Tier 1,Low,341023.59,2025-05-10,True,True,Partial,78.63,98.0,87.27,2025-03-14,Supplier Questionnaire,False,,,,,False,0.0,3,1.0,78.63,98.0,87.27,0,0,4,0,0,2.0,19.607200000000002,Low Risk,Medium Spend,Approved; monitor annually
S0585,Argent Services,New Zealand,Oceania,Low,5,Components,Tier 3,Low,244111.1,2023-02-01,True,True,Partial,65.03,51.77,73.13,2025-06-15,Supplier Questionnaire,False,,,,,False,0.0,3,1.0,65.03,51.77,73.13,0,8,4,0,0,2.0,54.432,Medium Risk,Low Spend,Monitor quarterly; request additional evidence
S0586,Cobalt Manufacturing,Philippines,Asia,Medium,15,Components,Tier 1,Low,213396.65,2024-09-14,True,True,Partial,69.87,65.92,71.12,2025-03-07,Third-party Rating,True,2024-09-16,87.79,None,365.0,True,0.0,3,1.0,69.87,65.92,71.12,0,0,4,0,0,0.0,43.559999999999995,Medium Risk,Low Spend,Monitor quarterly; request additional evidence
S0587,Alpine Logistics,Tunisia,Africa,Medium,15,Metals & Minerals,Tier 1,Low,732788.16,2019-05-23,True,True,Limited,72.68,52.4,,2024-12-23,Supplier Questionnaire,False,,,,,False,0.0,2,0.6666666666666666,72.68,52.4,67.18,0,0,10,0,0,6.0,61.442,Medium Risk,Medium Spend,Monitor quarterly; request additional evidence
S0588,Eclipse Partners,Canada,Americas,Low,5,Components,Tier 1,Medium,595165.5,2024-02-22,False,True,Limited,89.41,42.3,65.21,2025-01-14,Third-party Rating,False,,,,,False,0.0,3,1.0,89.41,42.3,65.21,2,0,10,12,0,2.0,65.928,Medium Risk,Medium Spend,Request signature/commitment before continuation
S0589,Vega Components,Indonesia,Asia,High,25,Tools & Machinery,Tier 1,Low,1027226.09,2020-07-08,True,True,Partial,,52.42,81.31,2024-11-15,Internal Assessment,False,,,,,False,0.0,2,0.6666666666666666,70.45,52.42,81.31,0,0,4,0,0,6.0,57.0368,Medium Risk,High Spend,Monitor quarterly; request additional evidence
S0590,Atlas Manufacturing,Canada,Americas,Low,5,Components,Tier 1,Medium,419381.82,2022-06-07,True,True,Full,67.25,76.32,,2024-09-10,Supplier Questionnaire,False,,,,,False,0.0,2,0.6666666666666666,67.25,76.32,69.62,2,0,0,0,0,2.0,35.113600000000005,Low Risk,Medium Spend,Approved; monitor annually
S0591,Alpine Holdings,United Kingdom,Europe,Low,5,Packaging,Tier 2,Medium,554738.5,2016-10-24,True,True,Partial,,68.34,54.3,2025-11-02,Third-party Rating,False,,,,,False,3.0,2,0.6666666666666666,72.38,68.34,54.3,2,4,4,0,0,2.0,51.4216,Medium Risk,Medium Spend,Monitor quarterly; request additional evidence
S0592,Cascade Supply,Tunisia,Africa,Medium,15,Metals & Minerals,Tier 1,Medium,419486.23,2016-08-08,True,True,Partial,65.8,65.35,,2025-06-24,Internal Assessment,True,2025-02-03,93.0,None,365.0,True,0.0,2,0.6666666666666666,65.8,65.35,67.18,2,0,4,0,0,0.0,48.1884,Medium Risk,Medium Spend,Monitor quarterly; request additional evidence
S0593,Alpine Logistics,Australia,Oceania,Low,5,Facility,Tier 2,Medium,82153.66,2024-09-17,False,True,Partial,63.37,63.63,65.16,2025-03-24,Supplier Questionnaire,False,,,,,False,0.0,3,1.0,63.37,63.63,65.16,2,4,4,12,0,2.0,62.7032,Medium Risk,Low Spend,Request signature/commitment before continuation
S0594,Argent Group,Vietnam,Asia,High,25,Metals & Minerals,Tier 1,Low,243129.3,2018-03-11,True,True,Full,67.73,57.8,51.64,2024-11-09,Supplier Questionnaire,False,,,,,False,0.0,3,1.0,67.73,57.8,51.64,0,0,0,0,0,6.0,61.140800000000006,Medium Risk,Low Spend,Monitor quarterly; request additional evidence
S0595,Atlas Supply,India,Asia,High,25,Facility,Tier 1,Low,247277.98,2022-08-01,True,True,Full,58.12,66.6,66.2,2025-07-15,Supplier Questionnaire,True,2025-04-12,60.3,None,365.0,True,3.0,3,1.0,58.12,66.6,66.2,0,0,0,0,0,2.4250000000000007,53.7274,Medium Risk,Low Spend,Monitor quarterly; request additional evidence
S0596,Orion Materials,China,Asia,High,25,Logistics,Tier 1,Low,102851.35,2020-12-23,True,True,Partial,48.94,60.42,57.93,2024-03-28,Supplier Questionnaire,True,2024-03-28,62.07,Minor,180.0,True,0.0,3,1.0,48.94,60.42,57.93,0,0,4,0,0,8.9825,70.3237,High Risk,Low Spend,Prioritize for audit and mitigation plan
S0597,Novatek Components,China,Asia,High,25,Logistics,Tier 1,Medium,648251.84,2018-04-13,True,True,Partial,62.21,52.05,59.67,2024-11-03,Internal Assessment,True,2024-06-12,79.38,None,365.0,False,3.0,3,1.0,62.21,52.05,59.67,2,0,4,0,0,0.0,64.0668,Medium Risk,Medium Spend,Monitor quarterly; request additional evidence
S0598,Atlas Services,Germany,Europe,Low,5,Components,Tier 1,Medium,507634.15,2025-12-15,True,True,Partial,81.96,70.27,,2025-02-25,Internal Assessment,False,,,,,False,0.0,2,0.6666666666666666,81.96,70.27,69.62,2,0,4,0,0,2.0,37.4148,Low Risk,Medium Spend,Approved; monitor annually
S0599,Zenith Manufacturing,United States,Americas,Low,5,Components,Tier 1,Low,369113.75,2017-12-29,True,False,Partial,56.48,80.4,,2024-09-24,Supplier Questionnaire,False,,,,,False,0.0,2,0.6666666666666666,56.48,80.4,69.62,0,0,4,0,5,2.0,43.4972,Medium Risk,Medium Spend,Monitor quarterly; request additional evidence
S0600,Cascade Supply,Philippines,Asia,Medium,15,Metals & Minerals,Tier 1,Medium,394148.26,2022-10-18,True,True,Partial,65.82,67.61,67.06,2025-12-06,Supplier Questionnaire,True,2025-05-26,71.51,Minor,180.0,True,0.0,3,1.0,65.82,67.61,67.06,2,0,4,0,0,7.0,54.3172,Medium Risk,Medium Spend,Monitor quarterly; request additional evidence
S0601,Atlas Supply,Italy,Europe,Low,5,Facility,Tier 1,Medium,132468.32,2024-09-04,True,True,Full,90.99,80.63,85.76,2024-11-28,Third-party Rating,False,,,,,False,0.0,3,1.0,90.99,80.63,85.76,2,0,0,0,0,2.0,21.5776,Low Risk,Low Spend,Approved; monitor annually
S0602,Aurora Partners,Brazil,Americas,Medium,15,Packaging,Tier 1,Low,42835.94,2023-04-08,True,True,Partial,,84.45,68.98,2024-07-24,Supplier Questionnaire,True,2025-07-29,58.32,None,365.0,True,0.0,2,0.6666666666666666,72.38,84.45,68.98,0,0,4,0,0,2.92,39.050000000000004,Low Risk,Low Spend,Approved; monitor annually
S0603,Eclipse Industries,China,Asia,High,25,IT Services,Tier 3,Medium,71873.86,2019-06-16,True,True,Limited,60.17,50.34,51.8,2025-10-28,Internal Assessment,True,2024-10-14,38.89,Major,30.0,False,0.0,3,1.0,60.17,50.34,51.8,2,8,10,0,0,22.7775,100.0,High Risk,Low Spend,Immediate corrective action + 30-day follow-up
S0604,Alpine Supply,Mexico,Americas,Medium,15,Metals & Minerals,Tier 1,Medium,1261291.52,2019-09-16,True,True,Partial,62.11,76.12,89.84,2024-07-01,Supplier Questionnaire,False,,,,,False,0.0,3,1.0,62.11,76.12,89.84,2,0,4,0,0,6.0,43.6624,Medium Risk,High Spend,Monitor quarterly; request additional evidence
S0605,Meridian Systems,Tunisia,Africa,Medium,15,IT Services,Tier 2,High,264883.7,2020-05-19,True,True,Full,76.32,58.02,76.31,2024-03-13,Third-party Rating,True,2024-05-20,73.11,None,365.0,True,0.0,3,1.0,76.32,58.02,76.31,5,4,0,0,0,0.0,48.2532,Medium Risk,Medium Spend,Monitor quarterly; request additional evidence
S0606,Eclipse Supply,Tunisia,Africa,Medium,15,Components,Tier 1,High,1323962.42,2023-04-01,True,True,Limited,96.0,82.44,50.3,2024-02-28,Third-party Rating,False,,,,,False,0.0,3,1.0,96.0,82.44,50.3,5,0,10,0,0,6.0,53.298,Medium Risk,High Spend,Monitor quarterly; request additional evidence
S0607,Aurora Services,United Kingdom,Europe,Low,5,Components,Tier 3,Medium,551622.44,2024-12-31,True,True,Limited,71.6,67.34,54.82,2025-02-28,Internal Assessment,False,,,,,False,3.0,3,1.0,71.6,67.34,54.82,2,8,10,0,0,2.0,61.8736,Medium Risk,Medium Spend,Monitor quarterly; request additional evidence
S0608,Eclipse Logistics,China,Asia,High,25,Components,Tier 1,Low,347198.03,2020-03-19,True,True,Full,65.06,52.99,78.84,2025-10-04,Supplier Questionnaire,True,2025-12-23,56.72,Minor,180.0,True,3.0,3,1.0,65.06,52.99,78.84,0,0,0,0,0,10.32,61.078399999999995,Medium Risk,Medium Spend,Monitor quarterly; request additional evidence
S0609,Aurora Components,United Arab Emirates,Middle East,Medium,15,Metals & Minerals,Tier 1,Low,603387.97,2025-02-12,False,False,Limited,74.5,64.35,43.44,2024-08-14,Internal Assessment,True,2024-05-01,79.94,None,365.0,True,0.0,3,1.0,74.5,64.35,43.44,0,0,10,12,5,0.0,74.7492,High Risk,Medium Spend,Request signature/commitment before continuation
S0610,Cascade Systems,Spain,Europe,Low,5,Components,Tier 1,Low,101452.26,2018-02-07,True,True,Partial,78.19,80.16,86.15,2024-08-07,Third-party Rating,False,,,,,False,0.0,3,1.0,78.19,80.16,86.15,0,0,4,0,0,2.0,27.224800000000002,Low Risk,Low Spend,Approved; monitor annually
S0611,Eclipse Materials,Japan,Asia,Low,5,Components,Tier 1,Low,1166699.8,2023-04-29,False,False,Full,80.72,58.54,52.16,2025-03-26,Internal Assessment,False,,,,,False,3.0,3,1.0,80.72,58.54,52.16,0,0,0,12,5,2.0,60.6912,Medium Risk,High Spend,Request signature/commitment before continuation
S0612,Meridian Partners,United States,Americas,Low,5,IT Services,Tier 1,Medium,490937.98,2017-04-25,True,True,Partial,73.55,69.88,73.79,2024-12-08,Third-party Rating,False,,,,,False,0.0,3,1.0,73.55,69.88,73.79,2,0,4,0,0,2.0,38.5912,Low Risk,Medium Spend,Approved; monitor annually
S0613,Helios Partners,Spain,Europe,Low,5,Packaging,Tier 3,Medium,157069.12,2017-10-17,True,True,Full,65.12,61.33,77.7,2024-11-06,Internal Assessment,False,,,,,False,0.0,3,1.0,65.12,61.33,77.7,2,8,0,0,0,2.0,47.120400000000004,Medium Risk,Low Spend,Monitor quarterly; request additional evidence
S0614,Meridian Group,Thailand,Asia,Medium,15,Consulting,Tier 1,Low,200493.88,2018-05-17,True,True,Partial,62.02,60.64,70.45,2024-01-26,Supplier Questionnaire,True,2025-05-28,65.17,Minor,180.0,True,0.0,3,1.0,62.02,60.64,70.45,0,0,4,0,0,8.2075,56.2919,Medium Risk,Low Spend,Monitor quarterly; request additional evidence
S0615,Novatek Supply,South Africa,Africa,Medium,15,Components,Tier 2,Medium,298192.69,2018-06-21,True,True,Full,79.11,59.31,76.74,2024-10-10,Supplier Questionnaire,True,2025-11-21,92.31,Minor,180.0,True,0.0,3,1.0,79.11,59.31,76.74,2,4,0,0,0,7.0,50.8184,Medium Risk,Medium Spend,Monitor quarterly; request additional evidence
S0616,Novatek Components,Spain,Europe,Low,5,Components,Tier 2,Medium,777719.85,2024-09-13,True,True,Full,72.8,65.84,,2025-11-13,Third-party Rating,True,2024-12-05,66.8,None,365.0,True,7.0,2,0.6666666666666666,72.8,65.84,69.62,2,4,0,0,0,0.8000000000000007,44.4016,Medium Risk,Medium Spend,Monitor quarterly; request additional evidence
S0617,Lumen Services,Japan,Asia,Low,5,Metals & Minerals,Tier 1,Medium,663853.21,2019-08-04,True,True,Partial,,88.05,74.98,2024-08-30,Supplier Questionnaire,False,,,,,False,0.0,2,0.6666666666666666,67.95,88.05,74.98,2,0,4,0,0,2.0,32.510400000000004,Low Risk,Medium Spend,Approved; monitor annually
S0618,Alpine Logistics,United Kingdom,Europe,Low,5,Chemicals,Tier 1,Low,16666.67,2021-12-04,True,True,Partial,77.22,83.21,82.93,2025-11-09,Internal Assessment,False,,,,,False,0.0,3,1.0,77.22,83.21,82.93,0,0,4,0,0,2.0,27.306800000000003,Low Risk,Low Spend,Approved; monitor annually
S0619,Cobalt Holdings,South Africa,Africa,Medium,15,Components,Tier 2,Low,227745.87,2025-09-08,True,True,Limited,69.95,54.92,59.81,2024-10-09,Third-party Rating,True,2025-04-05,55.42,Minor,180.0,True,0.0,3,1.0,69.95,54.92,59.81,0,4,10,0,0,10.645,72.20179999999999,High Risk,Low Spend,Prioritize for audit and mitigation plan
S0620,Cascade Group,China,Asia,High,25,IT Services,Tier 2,High,90377.33,2018-07-31,True,True,Partial,61.72,45.24,52.2,2025-12-18,Supplier Questionnaire,True,2025-01-05,61.9,Minor,180.0,False,3.0,3,1.0,61.72,45.24,52.2,5,4,4,0,0,9.025,85.3434,High Risk,Low Spend,Prioritize for audit and mitigation plan
S0621,Zenith Industries,Taiwan,Asia,Low,5,Components,Tier 2,Medium,108033.13,2023-09-24,True,True,Limited,83.51,78.63,66.44,2025-08-08,Supplier Questionnaire,False,,,,,False,0.0,3,1.0,83.51,78.63,66.44,2,4,10,0,0,2.0,44.6544,Medium Risk,Low Spend,Monitor quarterly; request additional evidence
S0622,Argent Industries,Vietnam,Asia,High,25,Metals & Minerals,Tier 1,High,1450070.04,2017-04-22,True,True,Partial,66.43,72.66,63.32,2024-05-11,Supplier Questionnaire,True,2025-01-20,71.74,None,365.0,True,15.0,3,1.0,66.43,72.66,63.32,5,0,4,0,0,0.0,63.0732,Medium Risk,High Spend,Monitor quarterly; request additional evidence
S0623,Zenith Logistics,Thailand,Asia,Medium,15,Components,Tier 2,High,469022.3,2018-05-11,True,True,Limited,76.46,53.67,76.03,2024-11-20,Third-party Rating,True,2025-04-29,81.04,None,365.0,False,0.0,3,1.0,76.46,53.67,76.03,5,4,10,0,0,0.0,60.043600000000005,Medium Risk,Medium Spend,Monitor quarterly; request additional evidence
S0624,Lumen Manufacturing,India,Asia,High,25,Metals & Minerals,Tier 1,High,839107.12,2016-09-25,True,False,Partial,48.7,49.91,67.75,2024-02-12,Internal Assessment,True,2024-03-23,64.53,Minor,180.0,False,0.0,3,1.0,48.7,49.91,67.75,5,0,4,0,5,8.3675,80.8375,High Risk,Medium Spend,Prioritize for audit and mitigation plan
S0625,Nimbus Services,Germany,Europe,Low,5,Facility,Tier 1,Medium,173071.06,2019-05-15,False,True,Full,72.57,,65.91,2024-10-18,Supplier Questionnaire,True,2025-10-14,98.0,None,365.0,True,0.0,2,0.6666666666666666,72.57,66.305,65.91,2,0,0,12,0,0.0,48.8172,Medium Risk,Low Spend,Request signature/commitment before continuation
S0626,Atlas Systems,India,Asia,High,25,Metals & Minerals,Tier 1,High,205267.07,2024-04-13,True,False,Full,53.6,61.44,57.28,2025-10-07,Supplier Questionnaire,True,2025-11-02,63.2,Minor,180.0,False,12.0,3,1.0,53.6,61.44,57.28,5,0,0,0,5,8.7,81.1364,High Risk,Low Spend,Prioritize for audit and mitigation plan
S0627,Eclipse Group,South Korea,Asia,Low,5,Chemicals,Tier 2,Low,39823.62,2022-03-02,True,True,Partial,75.08,54.85,65.07,2025-05-26,Supplier Questionnaire,True,2025-01-30,73.96,None,365.0,True,0.0,3,1.0,75.08,54.85,65.07,0,4,4,0,0,0.0,46.9652,Medium Risk,Low Spend,Monitor quarterly; request additional evidence
S0628,Meridian Services,Taiwan,Asia,Low,5,Chemicals,Tier 1,High,184889.11,2023-01-23,True,True,Partial,93.99,73.63,53.41,2024-01-06,Third-party Rating,False,,,,,False,0.0,3,1.0,93.99,73.63,53.41,5,0,4,0,0,2.0,40.8896,Medium Risk,Low Spend,Monitor quarterly; request additional evidence
S0629,Aurora Logistics,Indonesia,Asia,High,25,Tools & Machinery,Tier 2,Low,230272.05,2016-05-13,True,True,Full,70.7,71.26,,2025-12-15,Internal Assessment,True,2024-04-18,68.02,Minor,180.0,True,12.0,2,0.6666666666666666,70.7,71.26,70.97,0,4,0,0,0,7.495000000000001,60.83460000000001,Medium Risk,Low Spend,Monitor quarterly; request additional evidence
S0630,Vega Logistics,Taiwan,Asia,Low,5,Facility,Tier 1,Medium,123080.49,2023-05-11,True,True,Full,71.12,71.8,53.58,2025-10-26,Third-party Rating,True,2025-06-05,64.08,Minor,180.0,True,0.0,3,1.0,71.12,71.8,53.58,2,0,0,0,0,8.48,47.4508,Medium Risk,Low Spend,Monitor quarterly; request additional evidence
S0631,Vega Systems,Switzerland,Europe,Low,5,Packaging,Tier 2,Low,106956.02,2024-06-08,True,False,Full,78.19,87.66,74.43,2024-11-29,Third-party Rating,False,,,,,False,0.0,3,1.0,78.19,87.66,74.43,0,4,0,0,5,2.0,32.9752,Low Risk,Low Spend,Approved; monitor annually
S0632,Lumen Partners,China,Asia,High,25,Packaging,Tier 1,Medium,857175.87,2024-01-19,True,False,Full,66.12,30.71,57.37,2025-12-06,Third-party Rating,True,2025-10-31,76.66,None,365.0,False,0.0,3,1.0,66.12,30.71,57.37,2,0,0,0,5,0.0,71.594,High Risk,Medium Spend,Prioritize for audit and mitigation plan
S0633,Lumen Holdings,Saudi Arabia,Middle East,Medium,15,Chemicals,Tier 1,Low,371099.97,2018-01-21,True,True,Limited,61.85,,63.46,2024-02-20,Third-party Rating,False,,,,,False,0.0,2,0.6666666666666666,61.85,68.28,63.46,0,0,10,0,0,6.0,59.3128,Medium Risk,Medium Spend,Monitor quarterly; request additional evidence
S0634,Aurora Holdings,Saudi Arabia,Middle East,Medium,15,IT Services,Tier 1,Low,197014.25,2017-02-12,True,False,Full,80.28,38.62,79.88,2025-10-02,Third-party Rating,False,,,,,False,3.0,3,1.0,80.28,38.62,79.88,0,0,0,0,5,6.0,57.412,Medium Risk,Low Spend,Monitor quarterly; request additional evidence
S0635,Meridian Industries,Japan,Asia,Low,5,IT Services,Tier 1,Medium,153694.02,2021-04-22,True,True,Partial,80.27,65.27,70.15,2025-12-10,Supplier Questionnaire,True,2024-10-14,93.05,None,365.0,True,0.0,3,1.0,80.27,65.27,70.15,2,0,4,0,0,0.0,37.7184,Low Risk,Low Spend,Approved; monitor annually
S0636,Helios Logistics,Germany,Europe,Low,5,Facility,Tier 1,High,252767.62,2025-05-11,True,True,Limited,,49.66,72.01,2024-12-08,Third-party Rating,False,,,,,False,0.0,2,0.6666666666666666,67.09,49.66,72.01,5,0,10,0,0,2.0,58.0576,Medium Risk,Medium Spend,Monitor quarterly; request additional evidence
S0637,Vega Industries,China,Asia,High,25,Metals & Minerals,Tier 2,Low,546915.99,2019-02-27,True,True,Partial,55.67,65.53,58.32,2024-08-05,Third-party Rating,False,,,,,False,12.0,3,1.0,55.67,65.53,58.32,0,4,4,0,0,6.0,73.888,High Risk,Medium Spend,Prioritize for audit and mitigation plan
S0638,Zenith Logistics,Italy,Europe,Low,5,Logistics,Tier 3,Low,99175.26,2021-01-25,True,True,Partial,66.54,,83.57,2024-06-15,Internal Assessment,True,2024-01-01,74.63,None,365.0,True,7.0,2,0.6666666666666666,66.54,65.365,83.57,0,8,4,0,0,0.0,47.080400000000004,Medium Risk,Low Spend,Monitor quarterly; request additional evidence
S0639,Vega Manufacturing,South Africa,Africa,Medium,15,IT Services,Tier 1,Low,338765.07,2020-07-17,False,True,Full,64.16,49.41,62.42,2025-12-22,Internal Assessment,True,2025-05-07,59.06,None,365.0,True,0.0,3,1.0,64.16,49.41,62.42,0,0,0,12,0,2.7349999999999994,65.2818,Medium Risk,Medium Spend,Request signature/commitment before continuation
S0640,Novatek Industries,Vietnam,Asia,High,25,Facility,Tier 1,Medium,214741.61,2021-02-24,True,True,Full,67.92,43.05,65.45,2025-10-12,Supplier Questionnaire,True,2024-10-31,66.49,Minor,180.0,False,0.0,3,1.0,67.92,43.05,65.45,2,0,0,0,0,7.877500000000001,66.4459,Medium Risk,Low Spend,Monitor quarterly; request additional evidence
S0641,Nimbus Industries,Italy,Europe,Low,5,Metals & Minerals,Tier 2,Low,1617897.77,2017-05-24,True,True,Limited,88.13,63.89,69.51,2024-07-24,Internal Assessment,False,,,,,False,14.0,3,1.0,88.13,63.89,69.51,0,4,10,0,0,2.0,53.9744,Medium Risk,High Spend,Monitor quarterly; request additional evidence
S0642,Helios Logistics,Turkey,Europe/Asia,Medium,15,Components,Tier 2,Low,272193.02,2016-04-19,True,True,Full,60.91,60.83,59.03,2025-03-18,Supplier Questionnaire,False,,,,,False,3.0,3,1.0,60.91,60.83,59.03,0,4,0,0,0,6.0,59.6236,Medium Risk,Medium Spend,Monitor quarterly; request additional evidence
S0643,Vega Industries,Brazil,Americas,Medium,15,Logistics,Tier 1,Low,394962.56,2018-01-06,True,True,Partial,64.83,,73.56,2024-11-11,Third-party Rating,True,2024-02-24,92.45,None,365.0,True,0.0,2,0.6666666666666666,64.83,65.365,73.56,0,0,4,0,0,0.0,44.412400000000005,Medium Risk,Medium Spend,Monitor quarterly; request additional evidence
S0644,Lumen Materials,Saudi Arabia,Middle East,Medium,15,Metals & Minerals,Tier 1,Low,155831.82,2022-09-24,True,False,Partial,71.64,44.5,,2024-10-11,Internal Assessment,False,,,,,False,7.0,2,0.6666666666666666,71.64,44.5,67.18,0,0,4,0,5,6.0,67.7432,Medium Risk,Low Spend,Monitor quarterly; request additional evidence
S0645,Meridian Industries,China,Asia,High,25,Metals & Minerals,Tier 1,High,347821.89,2024-09-03,True,True,Limited,72.97,41.21,31.93,2024-07-22,Internal Assessment,True,2024-05-20,70.48,None,365.0,True,0.0,3,1.0,72.97,41.21,31.93,5,0,10,0,0,0.0,81.6168,High Risk,Medium Spend,Prioritize for audit and mitigation plan
S0646,Atlas Services,Saudi Arabia,Middle East,Medium,15,Logistics,Tier 1,Medium,752551.78,2017-10-08,True,True,Partial,74.71,45.24,75.44,2024-07-22,Supplier Questionnaire,True,2025-10-15,80.54,None,365.0,True,0.0,3,1.0,74.71,45.24,75.44,2,0,4,0,0,0.0,51.09440000000001,Medium Risk,Medium Spend,Monitor quarterly; request additional evidence
S0647,Vega Holdings,Germany,Europe,Low,5,Consulting,Tier 1,Low,326457.22,2025-06-09,False,True,Limited,74.11,59.48,66.45,2024-07-07,Internal Assessment,True,2024-03-26,89.76,None,365.0,True,0.0,3,1.0,74.11,59.48,66.45,0,0,10,12,0,0.0,58.943200000000004,Medium Risk,Medium Spend,Request signature/commitment before continuation
S0648,Aurora Group,Tunisia,Africa,Medium,15,Components,Tier 1,Medium,532321.48,2022-10-29,True,True,Partial,40.45,58.03,67.68,2024-08-09,Internal Assessment,True,2024-05-08,56.82,Minor,180.0,True,3.0,3,1.0,40.45,58.03,67.68,2,0,4,0,0,10.295,69.9994,Medium Risk,Medium Spend,Monitor quarterly; request additional evidence
S0649,Helios Services,Germany,Europe,Low,5,Packaging,Tier 1,Low,1113181.25,2024-09-06,False,True,Full,82.98,,70.41,2024-01-11,Supplier Questionnaire,True,2025-02-27,75.08,Minor,180.0,True,0.0,2,0.6666666666666666,82.98,64.11,70.41,0,0,0,12,0,7.0,50.3404,Medium Risk,High Spend,Request signature/commitment before continuation
S0650,Orion Components,United Arab Emirates,Middle East,Medium,15,Metals & Minerals,Tier 1,Low,341930.34,2021-09-13,True,True,Limited,72.58,60.93,49.22,2025-05-20,Third-party Rating,False,,,,,False,0.0,3,1.0,72.58,60.93,49.22,0,0,10,0,0,6.0,63.8052,Medium Risk,Medium Spend,Monitor quarterly; request additional evidence
S0651,Cascade Partners,Turkey,Europe/Asia,Medium,15,Tools & Machinery,Tier 2,Low,737011.8,2018-02-26,True,True,Limited,67.24,,39.47,2024-05-03,Supplier Questionnaire,True,2025-05-04,79.18,None,365.0,True,0.0,2,0.6666666666666666,67.24,67.47,39.47,0,4,10,0,0,0.0,63.8044,Medium Risk,Medium Spend,Monitor quarterly; request additional evidence
S0652,Aurora Industries,Japan,Asia,Low,5,Consulting,Tier 1,Low,420678.53,2022-08-01,True,True,Full,83.45,98.0,77.64,2024-06-14,Supplier Questionnaire,False,,,,,False,0.0,3,1.0,83.45,98.0,77.64,0,0,0,0,0,2.0,17.339199999999998,Low Risk,Medium Spend,Approved; monitor annually
S0653,Argent Logistics,Japan,Asia,Low,5,Chemicals,Tier 2,Low,511051.83,2017-01-24,True,True,Partial,90.69,73.04,,2025-03-22,Supplier Questionnaire,False,,,,,False,0.0,2,0.6666666666666666,90.69,73.04,68.025,0,4,4,0,0,2.0,36.3728,Low Risk,Medium Spend,Approved; monitor annually
S0654,Atlas Manufacturing,Switzerland,Europe,Low,5,Logistics,Tier 1,High,104081.27,2022-07-29,True,True,Full,76.09,87.44,73.51,2024-05-04,Third-party Rating,True,2024-05-17,60.52,Minor,180.0,True,0.0,3,1.0,76.09,87.44,73.51,5,0,0,0,0,9.37,37.315599999999996,Low Risk,Low Spend,Approved; monitor annually
S0655,Novatek Partners,Japan,Asia,Low,5,Metals & Minerals,Tier 1,Low,340151.6,2024-09-13,True,True,Partial,59.37,56.85,88.92,2024-12-19,Third-party Rating,False,,,,,False,0.0,3,1.0,59.37,56.85,88.92,0,0,4,0,0,2.0,40.932,Medium Risk,Medium Spend,Monitor quarterly; request additional evidence
S0656,Aurora Holdings,Morocco,Africa,Medium,15,Logistics,Tier 1,High,338748.61,2023-10-26,True,True,Full,66.53,70.27,85.3,2024-09-06,Supplier Questionnaire,False,,,,,False,12.0,3,1.0,66.53,70.27,85.3,5,0,0,0,0,6.0,51.817600000000006,Medium Risk,Medium Spend,Monitor quarterly; request additional evidence
S0657,Alpine Supply,New Zealand,Oceania,Low,5,Components,Tier 1,Low,1302018.58,2024-10-11,True,True,Full,69.1,79.38,78.23,2024-07-09,Supplier Questionnaire,False,,,,,False,0.0,3,1.0,69.1,79.38,78.23,0,0,0,0,0,2.0,28.616400000000006,Low Risk,High Spend,Approved; monitor annually
S0658,Atlas Logistics,South Africa,Africa,Medium,15,Components,Tier 2,High,699953.72,2020-01-15,True,True,Partial,51.57,28.15,73.32,2025-12-06,Supplier Questionnaire,True,2024-06-03,85.22,Minor,180.0,True,0.0,3,1.0,51.57,28.15,73.32,5,4,4,0,0,7.0,79.088,High Risk,Medium Spend,Prioritize for audit and mitigation plan
S0659,Cobalt Holdings,Turkey,Europe/Asia,Medium,15,Chemicals,Tier 2,Medium,358275.48,2024-01-27,True,False,Partial,76.75,64.53,64.89,2025-09-25,Supplier Questionnaire,False,,,,,False,0.0,3,1.0,76.75,64.53,64.89,2,4,4,0,5,6.0,61.1832,Medium Risk,Medium Spend,Monitor quarterly; request additional evidence
S0660,Zenith Manufacturing,Spain,Europe,Low,5,Metals & Minerals,Tier 2,Medium,113988.42,2023-08-14,True,True,Partial,61.08,87.58,78.6,2024-09-28,Supplier Questionnaire,False,,,,,False,0.0,3,1.0,61.08,87.58,78.6,2,4,4,0,0,2.0,37.46360000000001,Low Risk,Low Spend,Approved; monitor annually
S0661,Argent Systems,China,Asia,High,25,Components,Tier 1,High,451535.91,2024-03-04,True,False,Partial,63.08,49.35,69.98,2024-06-27,Supplier Questionnaire,True,2024-08-16,47.28,None,365.0,True,0.0,3,1.0,63.08,49.35,69.98,5,0,4,0,5,5.68,73.63400000000001,High Risk,Medium Spend,Prioritize for audit and mitigation plan
S0662,Cobalt Materials,Turkey,Europe/Asia,Medium,15,Chemicals,Tier 2,Low,415836.12,2017-03-14,True,True,Partial,63.13,53.0,55.78,2025-10-15,Internal Assessment,False,,,,,False,0.0,3,1.0,63.13,53.0,55.78,0,4,4,0,0,6.0,65.524,Medium Risk,Medium Spend,Monitor quarterly; request additional evidence
S0663,Atlas Partners,Brazil,Americas,Medium,15,Facility,Tier 2,Low,120454.05,2019-03-30,True,True,Partial,65.4,67.92,69.62,2025-05-17,Supplier Questionnaire,True,2024-11-23,64.55,Minor,180.0,True,0.0,3,1.0,65.4,67.92,69.62,0,4,4,0,0,8.3625,56.8541,Medium Risk,Low Spend,Monitor quarterly; request additional evidence
S0664,Orion Manufacturing,Malaysia,Asia,Medium,15,Metals & Minerals,Tier 1,Low,362551.06,2019-08-30,True,True,Full,49.04,76.27,63.9,2024-02-07,Supplier Questionnaire,True,2024-08-21,84.69,Minor,180.0,True,0.0,3,1.0,49.04,76.27,63.9,0,0,0,0,0,7.0,50.5628,Medium Risk,Medium Spend,Monitor quarterly; request additional evidence
S0665,Atlas Partners,Tunisia,Africa,Medium,15,Metals & Minerals,Tier 1,Medium,1282166.02,2019-11-19,True,False,Partial,67.68,58.72,53.77,2024-12-24,Third-party Rating,False,,,,,False,0.0,3,1.0,67.68,58.72,53.77,2,0,4,0,5,6.0,65.6052,Medium Risk,High Spend,Monitor quarterly; request additional evidence
S0666,Vega Holdings,South Korea,Asia,Low,5,Components,Tier 2,Low,154564.9,2020-06-25,False,True,Partial,61.2,51.92,59.72,2024-08-13,Supplier Questionnaire,False,,,,,False,0.0,3,1.0,61.2,51.92,59.72,0,4,4,12,0,2.0,67.7356,Medium Risk,Low Spend,Request signature/commitment before continuation
S0667,Lumen Holdings,India,Asia,High,25,Components,Tier 1,Low,214762.48,2018-04-09,True,True,Partial,62.32,63.37,82.84,2025-12-18,Supplier Questionnaire,True,2025-02-17,62.24,None,365.0,True,3.0,3,1.0,62.32,63.37,82.84,0,0,4,0,0,1.9399999999999995,52.0336,Medium Risk,Low Spend,Monitor quarterly; request additional evidence
S0668,Vega Systems,Singapore,Asia,Low,5,Chemicals,Tier 1,Medium,56473.58,2016-09-24,True,True,Full,59.88,80.35,68.01,2025-06-06,Internal Assessment,False,,,,,False,0.0,3,1.0,59.88,80.35,68.01,2,0,0,0,0,2.0,36.0804,Low Risk,Low Spend,Approved; monitor annually
S0669,Novatek Components,United Arab Emirates,Middle East,Medium,15,Metals & Minerals,Tier 1,Low,1331836.65,2022-03-11,True,True,Partial,61.21,67.44,65.88,2025-03-11,Supplier Questionnaire,True,2024-04-24,73.15,None,365.0,True,0.0,3,1.0,61.21,67.44,65.88,0,0,4,0,0,0.0,47.0536,Medium Risk,High Spend,Monitor quarterly; request additional evidence
S0670,Argent Services,Japan,Asia,Low,5,Tools & Machinery,Tier 1,Medium,803161.45,2020-08-18,True,False,Limited,74.86,61.11,72.15,2025-09-06,Supplier Questionnaire,True,2025-04-19,98.0,Minor,180.0,False,0.0,3,1.0,74.86,61.11,72.15,2,0,10,0,5,7.0,58.2572,Medium Risk,Medium Spend,Monitor quarterly; request additional evidence
S0671,Meridian Partners,Germany,Europe,Low,5,Logistics,Tier 2,Low,303426.13,2021-03-09,True,True,Full,57.16,65.5,85.86,2025-02-01,Supplier Questionnaire,True,2025-10-11,89.36,None,365.0,True,0.0,3,1.0,57.16,65.5,85.86,0,4,0,0,0,0.0,37.07,Low Risk,Medium Spend,Approved; monitor annually
S0672,Nimbus Holdings,France,Europe,Low,5,Metals & Minerals,Tier 1,High,441792.63,2020-10-15,True,True,Full,60.73,67.41,72.88,2024-06-23,Supplier Questionnaire,False,,,,,False,3.0,3,1.0,60.73,67.41,72.88,5,0,0,0,0,2.0,44.11000000000001,Medium Risk,Medium Spend,Monitor quarterly; request additional evidence
S0673,Orion Components,Tunisia,Africa,Medium,15,IT Services,Tier 2,Low,45516.18,2021-10-18,True,True,Full,61.76,45.61,60.23,2024-09-24,Supplier Questionnaire,False,,,,,False,0.0,3,1.0,61.76,45.61,60.23,0,4,0,0,0,6.0,63.4396,Medium Risk,Low Spend,Monitor quarterly; request additional evidence
S0674,Orion Industries,Thailand,Asia,Medium,15,Components,Tier 3,Medium,62402.18,2021-05-01,True,False,Partial,70.03,62.52,59.39,2025-11-27,Third-party Rating,True,2025-07-01,64.89,None,365.0,True,0.0,3,1.0,70.03,62.52,59.39,2,8,4,0,5,1.2774999999999999,64.9063,Medium Risk,Low Spend,Monitor quarterly; request additional evidence
S0675,Orion Systems,Germany,Europe,Low,5,IT Services,Tier 1,High,788132.8,2024-02-15,True,False,Full,69.7,80.78,73.23,2024-07-13,Third-party Rating,True,2024-12-22,58.87,Major,30.0,True,0.0,3,1.0,69.7,80.78,73.23,5,0,0,0,5,17.7825,55.2709,Medium Risk,Medium Spend,Immediate corrective action + 30-day follow-up
S0676,Eclipse Group,United Arab Emirates,Middle East,Medium,15,Packaging,Tier 1,Medium,255538.23,2023-03-06,True,True,Full,64.35,83.4,72.29,2025-09-18,Supplier Questionnaire,True,2025-12-19,83.12,None,365.0,True,0.0,3,1.0,64.35,83.4,72.29,2,0,0,0,0,0.0,35.7392,Low Risk,Medium Spend,Approved; monitor annually
S0677,Argent Components,Thailand,Asia,Medium,15,Chemicals,Tier 1,Low,298684.43,2018-06-07,True,True,Partial,64.91,77.07,59.85,2024-02-14,Supplier Questionnaire,True,2025-05-02,70.17,Minor,180.0,False,0.0,3,1.0,64.91,77.07,59.85,0,0,4,0,0,7.0,51.095200000000006,Medium Risk,Medium Spend,Monitor quarterly; request additional evidence
S0678,Argent Services,South Korea,Asia,Low,5,Logistics,Tier 1,Low,203811.97,2025-04-06,True,False,Partial,86.28,,,2025-05-21,Supplier Questionnaire,True,2025-03-31,75.0,None,365.0,False,0.0,1,0.3333333333333333,86.28,65.365,67.73,0,0,4,0,5,0.0,39.772000000000006,Low Risk,Low Spend,Approved; monitor annually
S0679,Zenith Logistics,Italy,Europe,Low,5,Logistics,Tier 3,Low,57875.27,2020-11-08,True,True,Limited,59.37,77.44,58.64,2024-11-21,Supplier Questionnaire,False,,,,,False,0.0,3,1.0,59.37,77.44,58.64,0,8,10,0,0,2.0,56.385600000000004,Medium Risk,Low Spend,Monitor quarterly; request additional evidence
S0680,Lumen Supply,India,Asia,High,25,Logistics,Tier 1,Medium,130022.13,2018-07-26,True,True,Partial,72.01,70.18,73.87,2025-12-21,Supplier Questionnaire,True,2024-02-11,63.98,None,365.0,False,3.0,3,1.0,72.01,70.18,73.87,2,0,4,0,0,1.5050000000000008,51.0318,Medium Risk,Low Spend,Monitor quarterly; request additional evidence
S0681,Cobalt Manufacturing,Japan,Asia,Low,5,IT Services,Tier 2,Low,62730.82,2024-01-10,True,True,Partial,78.81,54.16,79.79,2024-04-24,Supplier Questionnaire,False,,,,,False,7.0,3,1.0,78.81,54.16,79.79,0,4,4,0,0,2.0,47.336400000000005,Medium Risk,Low Spend,Monitor quarterly; request additional evidence
S0682,Orion Industries,Vietnam,Asia,High,25,Tools & Machinery,Tier 1,Low,148091.54,2021-05-21,True,False,Full,64.99,64.07,76.01,2024-07-19,Third-party Rating,True,2024-08-30,59.52,Minor,180.0,True,0.0,3,1.0,64.99,64.07,76.01,0,0,0,0,5,9.62,60.2216,Medium Risk,Low Spend,Monitor quarterly; request additional evidence
S0683,Orion Holdings,South Korea,Asia,Low,5,Tools & Machinery,Tier 2,Medium,634499.46,2023-02-26,True,True,Partial,51.37,,81.47,2025-02-19,Supplier Questionnaire,True,2024-11-15,69.81,Minor,180.0,True,0.0,2,0.6666666666666666,51.37,67.47,81.47,2,4,4,0,0,7.047499999999999,52.355500000000006,Medium Risk,Medium Spend,Monitor quarterly; request additional evidence
S0684,Helios Logistics,France,Europe,Low,5,IT Services,Tier 1,Medium,46332.53,2018-09-22,True,True,Full,76.92,74.89,,2024-02-07,Third-party Rating,True,2025-05-18,72.35,None,365.0,False,0.0,2,0.6666666666666666,76.92,74.89,68.87,2,0,0,0,0,0.0,31.217999999999996,Low Risk,Low Spend,Approved; monitor annually
S0685,Vega Materials,Mexico,Americas,Medium,15,Metals & Minerals,Tier 1,High,261051.0,2017-10-23,True,True,Full,69.53,47.01,64.54,2025-01-03,Internal Assessment,True,2025-01-10,64.11,Minor,180.0,True,0.0,3,1.0,69.53,47.01,64.54,5,0,0,0,0,8.4725,62.79730000000001,Medium Risk,Medium Spend,Monitor quarterly; request additional evidence
S0686,Cascade Industries,Japan,Asia,Low,5,Packaging,Tier 2,Low,115586.51,2022-10-22,True,True,Partial,66.39,54.16,,2024-12-04,Third-party Rating,False,,,,,False,0.0,2,0.6666666666666666,66.39,54.16,69.13,0,4,4,0,0,2.0,50.3752,Medium Risk,Low Spend,Monitor quarterly; request additional evidence
S0687,Nimbus Group,Turkey,Europe/Asia,Medium,15,Consulting,Tier 3,Medium,115095.5,2023-02-01,True,True,Partial,67.04,67.59,,2025-08-12,Third-party Rating,False,,,,,False,0.0,2,0.6666666666666666,67.04,67.59,66.98,2,8,4,0,0,6.0,61.0092,Medium Risk,Low Spend,Monitor quarterly; request additional evidence
S0688,Aurora Supply,Canada,Americas,Low,5,IT Services,Tier 2,Low,47584.42,2017-01-25,True,True,Full,68.76,63.08,,2025-04-15,Third-party Rating,False,,,,,False,0.0,2,0.6666666666666666,68.76,63.08,68.87,0,4,0,0,0,2.0,42.2268,Medium Risk,Low Spend,Monitor quarterly; request additional evidence
S0689,Nimbus Systems,France,Europe,Low,5,Metals & Minerals,Tier 1,Low,100113.76,2025-08-15,True,True,Partial,77.77,85.35,70.63,2025-01-20,Third-party Rating,False,,,,,False,0.0,3,1.0,77.77,85.35,70.63,0,0,4,0,0,2.0,30.232800000000008,Low Risk,Low Spend,Approved; monitor annually
S0690,Nimbus Systems,South Korea,Asia,Low,5,Components,Tier 1,Low,509322.73,2020-10-30,True,True,Partial,95.98,72.16,73.08,2024-02-29,Supplier Questionnaire,False,,,,,False,0.0,3,1.0,95.98,72.16,73.08,0,0,4,0,0,2.0,29.626000000000005,Low Risk,Medium Spend,Approved; monitor annually
S0691,Nimbus Holdings,Turkey,Europe/Asia,Medium,15,Consulting,Tier 2,Low,165481.12,2016-06-07,True,True,Limited,,55.45,51.17,2025-05-19,Supplier Questionnaire,False,,,,,False,0.0,2,0.6666666666666666,69.58,55.45,51.17,0,4,10,0,0,6.0,70.2132,High Risk,Low Spend,Prioritize for audit and mitigation plan
S0692,Zenith Systems,Malaysia,Asia,Medium,15,Chemicals,Tier 1,Low,484713.05,2022-04-30,True,True,Partial,70.35,59.0,73.95,2024-03-17,Supplier Questionnaire,False,,,,,False,0.0,3,1.0,70.35,59.0,73.95,0,0,4,0,0,6.0,51.288000000000004,Medium Risk,Medium Spend,Monitor quarterly; request additional evidence
S0693,Atlas Partners,Taiwan,Asia,Low,5,Components,Tier 2,Medium,335633.96,2024-03-09,True,True,Limited,46.28,92.5,69.66,2025-09-25,Supplier Questionnaire,True,2025-03-08,66.22,None,365.0,True,0.0,3,1.0,46.28,92.5,69.66,2,4,10,0,0,0.9450000000000003,47.44540000000001,Medium Risk,Medium Spend,Monitor quarterly; request additional evidence
S0694,Novatek Logistics,Switzerland,Europe,Low,5,IT Services,Tier 2,Low,213655.35,2024-11-01,True,True,Partial,64.24,73.11,82.97,2024-02-24,Third-party Rating,False,,,,,False,0.0,3,1.0,64.24,73.11,82.97,0,4,4,0,0,2.0,38.9684,Low Risk,Low Spend,Approved; monitor annually
S0695,Vega Systems,Mexico,Americas,Medium,15,Components,Tier 1,Low,204201.8,2022-02-08,False,True,Limited,60.93,56.15,49.82,2025-11-19,Supplier Questionnaire,True,2024-02-22,78.56,Minor,180.0,True,0.0,3,1.0,60.93,56.15,49.82,0,0,10,12,0,7.0,81.78720000000001,High Risk,Low Spend,Request signature/commitment before continuation
S0696,Vega Materials,Italy,Europe,Low,5,Facility,Tier 1,High,153228.09,2020-02-09,True,True,Limited,59.67,85.47,74.33,2025-06-02,Supplier Questionnaire,True,2025-07-03,87.24,None,365.0,True,0.0,3,1.0,59.67,85.47,74.33,5,0,10,0,0,0.0,43.0688,Medium Risk,Low Spend,Monitor quarterly; request additional evidence
S0697,Aurora Group,New Zealand,Oceania,Low,5,Metals & Minerals,Tier 1,Low,132371.38,2023-10-19,True,True,Partial,78.24,64.61,83.56,2024-09-05,Supplier Questionnaire,False,,,,,False,0.0,3,1.0,78.24,64.61,83.56,0,0,4,0,0,2.0,34.259600000000006,Low Risk,Low Spend,Approved; monitor annually
S0698,Nimbus Group,South Korea,Asia,Low,5,Tools & Machinery,Tier 2,Low,174837.85,2018-09-30,True,True,Partial,58.42,71.85,71.52,2024-01-18,Third-party Rating,False,,,,,False,0.0,3,1.0,58.42,71.85,71.52,0,4,4,0,0,2.0,44.766000000000005,Medium Risk,Low Spend,Monitor quarterly; request additional evidence
S0699,Novatek Holdings,Turkey,Europe/Asia,Medium,15,Consulting,Tier 1,Medium,128545.76,2022-09-02,True,True,Limited,,76.31,68.39,2025-04-17,Third-party Rating,False,,,,,False,0.0,2,0.6666666666666666,69.58,76.31,68.39,2,0,10,0,0,6.0,54.3588,Medium Risk,Low Spend,Monitor quarterly; request additional evidence
S0700,Meridian Manufacturing,Tunisia,Africa,Medium,15,Metals & Minerals,Tier 1,Low,971552.92,2016-12-14,True,True,Partial,79.72,69.23,,2025-12-18,Supplier Questionnaire,True,2025-06-06,68.15,None,365.0,True,3.0,2,0.6666666666666666,79.72,69.23,67.18,0,0,4,0,0,0.4624999999999986,42.851299999999995,Medium Risk,Medium Spend,Monitor quarterly; request additional evidence
S0701,Cobalt Materials,South Korea,Asia,Low,5,Components,Tier 1,Low,183538.5,2021-11-11,True,True,Full,73.75,81.16,76.96,2025-08-26,Supplier Questionnaire,False,,,,,False,0.0,3,1.0,73.75,81.16,76.96,0,0,0,0,0,2.0,27.008800000000004,Low Risk,Low Spend,Approved; monitor annually
S0702,Vega Industries,Malaysia,Asia,Medium,15,IT Services,Tier 3,Medium,588502.46,2017-09-05,True,True,Limited,57.15,54.52,74.64,2024-02-10,Supplier Questionnaire,True,2025-04-13,91.14,None,365.0,True,0.0,3,1.0,57.15,54.52,74.64,2,8,10,0,0,0.0,66.5552,Medium Risk,Medium Spend,Monitor quarterly; request additional evidence
S0703,Helios Partners,Vietnam,Asia,High,25,Facility,Tier 2,Low,229693.84,2018-03-02,True,True,Limited,47.42,26.02,56.8,2024-08-15,Supplier Questionnaire,True,2024-01-29,80.05,None,365.0,False,0.0,3,1.0,47.42,26.02,56.8,0,4,10,0,0,0.0,85.8884,High Risk,Low Spend,Prioritize for audit and mitigation plan
S0704,Atlas Services,Canada,Americas,Low,5,Metals & Minerals,Tier 3,Medium,324069.64,2016-12-15,True,True,Limited,73.09,56.04,64.39,2025-12-10,Supplier Questionnaire,False,,,,,False,0.0,3,1.0,73.09,56.04,64.39,2,8,10,0,0,2.0,61.264,Medium Risk,Medium Spend,Monitor quarterly; request additional evidence
S0705,Atlas Supply,Japan,Asia,Low,5,Components,Tier 1,High,593332.46,2022-01-24,True,True,Limited,70.49,45.38,83.33,2025-04-28,Internal Assessment,False,,,,,False,3.0,3,1.0,70.49,45.38,83.33,5,0,10,0,0,2.0,56.8452,Medium Risk,Medium Spend,Monitor quarterly; request additional evidence
S0706,Novatek Logistics,Saudi Arabia,Middle East,Medium,15,Packaging,Tier 2,Medium,122992.6,2021-06-18,True,True,Partial,55.14,,75.29,2024-08-18,Supplier Questionnaire,False,,,,,False,12.0,2,0.6666666666666666,55.14,64.11,75.29,2,4,4,0,0,6.0,65.674,Medium Risk,Low Spend,Monitor quarterly; request additional evidence
S0707,Novatek Materials,South Korea,Asia,Low,5,Components,Tier 1,Medium,229226.05,2021-12-09,True,False,Partial,78.5,60.87,72.92,2025-09-26,Internal Assessment,True,2024-12-31,85.3,None,365.0,False,0.0,3,1.0,78.5,60.87,72.92,2,0,4,0,5,0.0,44.0876,Medium Risk,Low Spend,Monitor quarterly; request additional evidence
S0708,Aurora Manufacturing,France,Europe,Low,5,Components,Tier 2,Medium,101731.88,2020-12-18,True,True,Partial,67.17,66.49,81.71,2024-12-01,Third-party Rating,True,2024-09-17,88.84,None,365.0,True,0.0,3,1.0,67.17,66.49,81.71,2,4,4,0,0,0.0,41.199200000000005,Medium Risk,Low Spend,Monitor quarterly; request additional evidence
S0709,Argent Industries,Thailand,Asia,Medium,15,Consulting,Tier 2,High,116371.75,2020-04-11,True,True,Full,69.27,56.26,65.02,2024-11-03,Supplier Questionnaire,False,,,,,False,0.0,3,1.0,69.27,56.26,65.02,5,4,0,0,0,6.0,60.544000000000004,Medium Risk,Low Spend,Monitor quarterly; request additional evidence
S0710,Orion Holdings,Tunisia,Africa,Medium,15,Metals & Minerals,Tier 2,Medium,1129439.3,2023-03-04,True,True,Limited,,65.73,46.79,2024-05-20,Third-party Rating,True,2025-05-20,55.38,Minor,180.0,False,12.0,2,0.6666666666666666,67.95,65.73,46.79,2,4,10,0,0,10.655,81.21419999999999,High Risk,High Spend,Prioritize for audit and mitigation plan
S0711,Alpine Components,Canada,Americas,Low,5,Tools & Machinery,Tier 1,Low,564470.74,2018-09-27,True,True,Limited,78.52,79.16,52.57,2025-02-02,Internal Assessment,True,2025-09-27,92.71,None,365.0,True,0.0,3,1.0,78.52,79.16,52.57,0,0,10,0,0,0.0,42.278000000000006,Medium Risk,Medium Spend,Monitor quarterly; request additional evidence
S0712,Vega Materials,South Korea,Asia,Low,5,IT Services,Tier 1,Medium,598820.58,2016-10-16,True,True,Full,67.39,73.41,75.13,2025-03-01,Third-party Rating,False,,,,,False,0.0,3,1.0,67.39,73.41,75.13,2,0,0,0,0,2.0,34.4752,Low Risk,Medium Spend,Approved; monitor annually
S0713,Zenith Components,Saudi Arabia,Middle East,Medium,15,Logistics,Tier 2,Low,86867.25,2018-04-07,True,True,Full,61.05,56.03,79.35,2024-01-13,Third-party Rating,False,,,,,False,7.0,3,1.0,61.05,56.03,79.35,0,4,0,0,0,6.0,57.202000000000005,Medium Risk,Low Spend,Monitor quarterly; request additional evidence
S0714,Eclipse Materials,South Africa,Africa,Medium,15,Components,Tier 2,Medium,135148.99,2019-07-19,True,True,Partial,68.97,63.15,61.66,2025-08-21,Third-party Rating,False,,,,,False,0.0,3,1.0,68.97,63.15,61.66,2,4,4,0,0,6.0,59.9472,Medium Risk,Low Spend,Monitor quarterly; request additional evidence
S0715,Orion Group,Turkey,Europe/Asia,Medium,15,Chemicals,Tier 2,Medium,142165.6,2016-09-03,True,True,Full,54.43,46.0,55.04,2024-01-20,Third-party Rating,True,2025-02-13,63.2,Major,30.0,True,0.0,3,1.0,54.43,46.0,55.04,2,4,0,0,0,16.7,79.6968,High Risk,Low Spend,Immediate corrective action + 30-day follow-up
S0716,Cascade Systems,United Kingdom,Europe,Low,5,IT Services,Tier 1,Low,87905.83,2023-12-31,False,True,Full,81.62,75.96,82.59,2025-02-27,Supplier Questionnaire,True,2025-10-06,98.0,None,365.0,True,0.0,3,1.0,81.62,75.96,82.59,0,0,0,12,0,0.0,35.083600000000004,Low Risk,Low Spend,Request signature/commitment before continuation
S0717,Argent Systems,Philippines,Asia,Medium,15,Components,Tier 1,High,690719.94,2024-10-17,True,True,Limited,76.43,,59.78,2024-04-02,Supplier Questionnaire,True,2025-02-25,98.0,None,365.0,True,12.0,2,0.6666666666666666,76.43,65.88,59.78,5,0,10,0,0,0.0,62.968,Medium Risk,Medium Spend,Monitor quarterly; request additional evidence
S0718,Lumen Logistics,Indonesia,Asia,High,25,Tools & Machinery,Tier 1,Medium,103129.51,2022-07-03,True,True,Full,,63.6,,2025-09-18,Third-party Rating,True,2025-07-01,92.35,None,365.0,True,0.0,1,0.3333333333333333,70.45,63.6,70.97,2,0,0,0,0,0.0,47.873599999999996,Medium Risk,Low Spend,Monitor quarterly; request additional evidence
S0719,Vega Supply,Vietnam,Asia,High,25,Packaging,Tier 1,Low,33024.71,2019-04-30,True,True,Partial,64.07,,66.91,2025-03-27,Internal Assessment,True,2024-12-18,71.74,None,365.0,True,0.0,2,0.6666666666666666,64.07,64.11,66.91,0,0,4,0,0,0.0,52.7552,Medium Risk,Low Spend,Monitor quarterly; request additional evidence
S0720,Helios Holdings,Malaysia,Asia,Medium,15,Chemicals,Tier 1,Low,219530.24,2022-09-09,True,True,Limited,79.84,,72.81,2025-09-01,Supplier Questionnaire,False,,,,,False,0.0,2,0.6666666666666666,79.84,68.28,72.81,0,0,10,0,0,6.0,51.2836,Medium Risk,Low Spend,Monitor quarterly; request additional evidence
S0721,Alpine Components,Morocco,Africa,Medium,15,Tools & Machinery,Tier 3,Low,887117.17,2020-08-25,True,True,Full,58.39,68.08,53.45,2025-11-30,Supplier Questionnaire,True,2024-03-09,75.64,None,365.0,True,0.0,3,1.0,58.39,68.08,53.45,0,8,0,0,0,0.0,55.5648,Medium Risk,Medium Spend,Monitor quarterly; request additional evidence
S0722,Alpine Industries,Italy,Europe,Low,5,Chemicals,Tier 2,High,309495.83,2016-08-07,True,True,Partial,83.54,69.95,69.85,2024-05-01,Third-party Rating,False,,,,,False,15.0,3,1.0,83.54,69.95,69.85,5,4,4,0,0,2.0,52.2768,Medium Risk,Medium Spend,Monitor quarterly; request additional evidence
S0723,Helios Industries,Malaysia,Asia,Medium,15,Components,Tier 1,Low,559679.12,2017-10-01,True,False,Partial,60.55,71.64,65.69,2025-10-29,Supplier Questionnaire,True,2024-08-15,81.41,None,365.0,False,6.0,3,1.0,60.55,71.64,65.69,0,0,4,0,5,0.0,53.9192,Medium Risk,Medium Spend,Monitor quarterly; request additional evidence
S0724,Vega Holdings,Thailand,Asia,Medium,15,Metals & Minerals,Tier 2,Low,323431.54,2022-11-23,True,False,Partial,50.05,56.47,59.64,2025-07-08,Third-party Rating,False,,,,,False,0.0,3,1.0,50.05,56.47,59.64,0,4,4,0,5,6.0,71.5632,High Risk,Medium Spend,Prioritize for audit and mitigation plan
S0725,Novatek Group,Turkey,Europe/Asia,Medium,15,Packaging,Tier 2,High,253463.06,2016-12-18,True,True,Full,75.81,63.02,73.56,2024-06-19,Internal Assessment,True,2024-08-11,67.4,Minor,180.0,True,0.0,3,1.0,75.81,63.02,73.56,5,4,0,0,0,7.649999999999999,54.925999999999995,Medium Risk,Medium Spend,Monitor quarterly; request additional evidence
S0726,Novatek Holdings,Australia,Oceania,Low,5,Components,Tier 2,Low,98220.17,2020-07-01,True,True,Partial,62.42,73.66,65.05,2025-03-09,Third-party Rating,False,,,,,False,0.0,3,1.0,62.42,73.66,65.05,0,4,4,0,0,2.0,44.9924,Medium Risk,Low Spend,Monitor quarterly; request additional evidence
S0727,Atlas Materials,India,Asia,High,25,Metals & Minerals,Tier 1,Low,198795.79,2022-08-23,True,True,Full,54.95,71.92,,2025-12-19,Supplier Questionnaire,True,2025-03-08,70.91,Minor,180.0,True,0.0,2,0.6666666666666666,54.95,71.92,67.18,0,0,0,0,0,7.0,55.0984,Medium Risk,Low Spend,Monitor quarterly; request additional evidence
S0728,Atlas Components,France,Europe,Low,5,IT Services,Tier 1,Low,437518.62,2023-12-13,True,True,Full,63.06,58.63,68.61,2024-09-15,Supplier Questionnaire,False,,,,,False,0.0,3,1.0,63.06,58.63,68.61,0,0,0,0,0,2.0,41.686,Medium Risk,Medium Spend,Monitor quarterly; request additional evidence
S0729,Eclipse Components,New Zealand,Oceania,Low,5,Components,Tier 1,Medium,149433.56,2025-12-01,False,False,Partial,59.16,,,2025-10-15,Internal Assessment,False,,,,,False,7.0,1,0.3333333333333333,59.16,65.88,69.62,2,0,4,12,5,2.0,66.4048,Medium Risk,Low Spend,Request signature/commitment before continuation
S0730,Alpine Group,Germany,Europe,Low,5,Packaging,Tier 1,High,202172.56,2025-04-06,True,True,Partial,79.79,75.52,70.32,2025-10-24,Supplier Questionnaire,False,,,,,False,0.0,3,1.0,79.79,75.52,70.32,5,0,4,0,0,2.0,38.69840000000001,Low Risk,Low Spend,Approved; monitor annually
S0731,Meridian Holdings,Taiwan,Asia,Low,5,Tools & Machinery,Tier 1,Low,944995.57,2021-03-16,True,False,Limited,79.58,70.17,55.32,2024-05-17,Supplier Questionnaire,False,,,,,False,0.0,3,1.0,79.58,70.17,55.32,0,0,10,0,5,2.0,51.6972,Medium Risk,Medium Spend,Monitor quarterly; request additional evidence
S0732,Eclipse Group,New Zealand,Oceania,Low,5,Metals & Minerals,Tier 3,Low,260679.76,2022-03-26,True,True,Full,79.58,58.12,69.51,2024-04-15,Internal Assessment,True,2025-11-14,63.49,Minor,180.0,True,0.0,3,1.0,79.58,58.12,69.51,0,8,0,0,0,8.6275,51.603899999999996,Medium Risk,Medium Spend,Monitor quarterly; request additional evidence
S0733,Argent Group,China,Asia,High,25,Chemicals,Tier 2,Low,161315.99,2017-04-11,True,True,Partial,58.22,,57.24,2024-04-05,Supplier Questionnaire,False,,,,,False,10.0,2,0.6666666666666666,58.22,68.28,57.24,0,4,4,0,0,6.0,71.31960000000001,High Risk,Low Spend,Prioritize for audit and mitigation plan
S0734,Argent Manufacturing,United States,Americas,Low,5,Metals & Minerals,Tier 1,Medium,279613.67,2024-04-03,True,True,Full,78.44,57.28,82.87,2024-03-12,Supplier Questionnaire,False,,,,,False,0.0,3,1.0,78.44,57.28,82.87,2,0,0,0,0,2.0,35.3564,Low Risk,Medium Spend,Approved; monitor annually
S0735,Orion Services,Australia,Oceania,Low,5,Logistics,Tier 1,High,458855.48,2016-05-11,True,True,Partial,71.12,84.89,81.47,2025-05-09,Supplier Questionnaire,False,,,,,False,0.0,3,1.0,71.12,84.89,81.47,5,0,4,0,0,2.0,33.81,Low Risk,Medium Spend,Approved; monitor annually
S0736,Alpine Logistics,Malaysia,Asia,Medium,15,Packaging,Tier 2,High,475844.57,2019-01-11,True,False,Full,87.75,75.41,79.2,2024-07-13,Supplier Questionnaire,True,2025-05-18,92.34,None,365.0,True,7.0,3,1.0,87.75,75.41,79.2,5,4,0,0,5,0.0,46.022,Medium Risk,Medium Spend,Monitor quarterly; request additional evidence
S0737,Vega Services,South Africa,Africa,Medium,15,Facility,Tier 2,Medium,73768.68,2016-11-15,True,True,Partial,65.47,55.39,68.51,2025-08-30,Supplier Questionnaire,False,,,,,False,0.0,3,1.0,65.47,55.39,68.51,2,4,4,0,0,6.0,61.839200000000005,Medium Risk,Low Spend,Monitor quarterly; request additional evidence
S0738,Cobalt Holdings,Taiwan,Asia,Low,5,Tools & Machinery,Tier 1,High,197496.2,2025-05-12,True,True,Partial,85.45,85.09,87.8,2025-12-16,Internal Assessment,True,2024-09-08,87.37,None,365.0,True,3.0,3,1.0,85.45,85.09,87.8,5,0,4,0,0,0.0,27.342,Low Risk,Low Spend,Approved; monitor annually
S0739,Atlas Components,France,Europe,Low,5,Components,Tier 1,Medium,82412.55,2019-12-19,True,True,Full,82.42,63.35,79.95,2025-10-26,Internal Assessment,False,,,,,False,0.0,3,1.0,82.42,63.35,79.95,2,0,0,0,0,2.0,32.748400000000004,Low Risk,Low Spend,Approved; monitor annually
S0740,Argent Components,Thailand,Asia,Medium,15,Metals & Minerals,Tier 1,High,860143.1,2020-06-20,True,False,Full,66.97,84.28,56.7,2024-11-10,Third-party Rating,True,2024-09-16,86.86,None,365.0,True,0.0,3,1.0,66.97,84.28,56.7,5,0,0,0,5,0.0,47.6424,Medium Risk,Medium Spend,Monitor quarterly; request additional evidence
S0741,Cobalt Partners,Turkey,Europe/Asia,Medium,15,Components,Tier 1,Medium,488610.17,2025-03-09,True,True,Full,50.79,57.83,75.33,2024-07-03,Third-party Rating,False,,,,,False,0.0,3,1.0,50.79,57.83,75.33,2,0,0,0,0,6.0,54.7912,Medium Risk,Medium Spend,Monitor quarterly; request additional evidence
S0742,Atlas Systems,Vietnam,Asia,High,25,Chemicals,Tier 1,Low,1195888.06,2020-12-18,True,False,Partial,,57.47,57.86,2025-10-27,Third-party Rating,True,2024-02-05,65.16,Minor,180.0,True,7.0,2,0.6666666666666666,70.39,57.47,57.86,0,0,4,0,5,8.21,73.5976,High Risk,High Spend,Prioritize for audit and mitigation plan
S0743,Meridian Materials,South Korea,Asia,Low,5,Chemicals,Tier 3,Low,112947.75,2019-10-21,True,True,Full,82.93,75.07,79.86,2024-01-21,Supplier Questionnaire,False,,,,,False,0.0,3,1.0,82.93,75.07,79.86,0,8,0,0,0,2.0,33.946400000000004,Low Risk,Low Spend,Approved; monitor annually
S0744,Novatek Partners,Brazil,Americas,Medium,15,Consulting,Tier 1,Low,150375.12,2024-10-09,True,True,Full,,82.4,,2024-04-16,Third-party Rating,False,,,,,False,0.0,1,0.3333333333333333,69.58,82.4,66.98,0,0,0,0,0,6.0,40.374,Medium Risk,Low Spend,Monitor quarterly; request additional evidence
S0745,Argent Systems,Malaysia,Asia,Medium,15,Metals & Minerals,Tier 1,Medium,443463.69,2023-11-23,False,True,Partial,63.62,68.86,52.37,2025-03-11,Supplier Questionnaire,True,2025-07-10,65.78,Minor,180.0,True,3.0,3,1.0,63.62,68.86,52.37,2,0,4,12,0,8.055,73.839,High Risk,Medium Spend,Request signature/commitment before continuation
S0746,Nimbus Holdings,Switzerland,Europe,Low,5,Components,Tier 1,High,741046.93,2019-01-17,True,False,Partial,93.19,69.07,76.91,2025-08-21,Supplier Questionnaire,True,2025-01-27,62.94,Minor,180.0,True,0.0,3,1.0,93.19,69.07,76.91,5,0,4,0,5,8.765,47.18260000000001,Medium Risk,Medium Spend,Monitor quarterly; request additional evidence
S0747,Cobalt Logistics,Turkey,Europe/Asia,Medium,15,IT Services,Tier 2,Low,120272.26,2017-09-25,True,True,Partial,74.52,47.25,80.07,2024-04-09,Third-party Rating,False,,,,,False,0.0,3,1.0,74.52,47.25,80.07,0,4,4,0,0,6.0,56.86200000000001,Medium Risk,Low Spend,Monitor quarterly; request additional evidence
S0748,Zenith Industries,Indonesia,Asia,High,25,Metals & Minerals,Tier 2,Low,166265.69,2022-12-11,True,True,Limited,58.14,49.92,,2024-03-14,Internal Assessment,True,2024-11-22,56.61,Minor,180.0,True,12.0,2,0.6666666666666666,58.14,49.92,67.18,0,4,10,0,0,10.3475,86.9527,High Risk,Low Spend,Prioritize for audit and mitigation plan
S0749,Orion Systems,Spain,Europe,Low,5,Components,Tier 1,Low,366224.67,2022-05-28,False,True,Full,83.09,59.99,63.26,2024-09-06,Supplier Questionnaire,False,,,,,False,0.0,3,1.0,83.09,59.99,63.26,0,0,0,12,0,2.0,49.2456,Medium Risk,Medium Spend,Request signature/commitment before continuation
S0750,Orion Components,United Arab Emirates,Middle East,Medium,15,Metals & Minerals,Tier 1,Low,355457.92,2024-03-21,True,True,Full,66.78,65.34,72.94,2024-10-30,Third-party Rating,False,,,,,False,12.0,3,1.0,66.78,65.34,72.94,0,0,0,0,0,6.0,52.6748,Medium Risk,Medium Spend,Monitor quarterly; request additional evidence
S0751,Eclipse Logistics,Thailand,Asia,Medium,15,Facility,Tier 2,High,216958.88,2022-01-21,True,True,Limited,59.34,72.98,63.89,2025-11-08,Internal Assessment,False,,,,,False,3.0,3,1.0,59.34,72.98,63.89,5,4,10,0,0,6.0,68.648,Medium Risk,Low Spend,Monitor quarterly; request additional evidence
S0752,Alpine Partners,Italy,Europe,Low,5,Tools & Machinery,Tier 1,Low,688775.32,2023-08-23,True,True,Full,65.15,85.74,77.9,2024-11-21,Third-party Rating,False,,,,,False,0.0,3,1.0,65.15,85.74,77.9,0,0,0,0,0,2.0,27.284,Low Risk,Medium Spend,Approved; monitor annually
S0753,Vega Systems,Vietnam,Asia,High,25,Components,Tier 2,Low,306882.6,2019-12-26,True,False,Limited,68.22,,46.86,2025-04-10,Supplier Questionnaire,False,,,,,False,0.0,2,0.6666666666666666,68.22,65.88,46.86,0,4,10,0,5,6.0,78.30120000000001,High Risk,Medium Spend,Prioritize for audit and mitigation plan
S0754,Alpine Materials,Spain,Europe,Low,5,Chemicals,Tier 2,High,77498.64,2017-06-18,True,True,Partial,62.2,66.64,68.5,2025-01-25,Third-party Rating,True,2024-02-22,76.87,None,365.0,True,0.0,3,1.0,62.2,66.64,68.5,5,4,4,0,0,0.0,49.758,Medium Risk,Low Spend,Monitor quarterly; request additional evidence
S0755,Alpine Holdings,Japan,Asia,Low,5,Logistics,Tier 1,Low,99946.49,2016-04-04,True,True,Full,74.92,72.9,75.5,2025-08-04,Supplier Questionnaire,False,,,,,False,0.0,3,1.0,74.92,72.9,75.5,0,0,0,0,0,2.0,30.452399999999997,Low Risk,Low Spend,Approved; monitor annually
S0756,Cascade Manufacturing,Malaysia,Asia,Medium,15,Components,Tier 1,Medium,308315.94,2017-05-08,True,True,Full,81.91,76.12,74.06,2024-10-26,Third-party Rating,False,,,,,False,18.0,3,1.0,81.91,76.12,74.06,2,0,0,0,0,6.0,49.068,Medium Risk,Medium Spend,Monitor quarterly; request additional evidence
S0757,Alpine Systems,Japan,Asia,Low,5,IT Services,Tier 1,Low,170300.52,2025-08-26,True,True,Partial,91.35,86.74,66.17,2024-03-09,Third-party Rating,False,,,,,False,0.0,3,1.0,91.35,86.74,66.17,0,0,4,0,0,2.0,27.301600000000004,Low Risk,Low Spend,Approved; monitor annually
S0758,Aurora Manufacturing,Morocco,Africa,Medium,15,Components,Tier 2,Low,464953.48,2020-04-27,True,True,Full,63.46,53.2,62.97,2025-06-21,Supplier Questionnaire,False,,,,,False,3.0,3,1.0,63.46,53.2,62.97,0,4,0,0,0,6.0,60.7008,Medium Risk,Medium Spend,Monitor quarterly; request additional evidence
S0759,Orion Group,Australia,Oceania,Low,5,Logistics,Tier 1,High,274191.81,2020-05-23,True,True,Partial,76.68,47.76,89.98,2024-04-15,Supplier Questionnaire,False,,,,,False,0.0,3,1.0,76.68,47.76,89.98,5,0,4,0,0,2.0,44.382,Medium Risk,Medium Spend,Monitor quarterly; request additional evidence
S0760,Cascade Partners,Taiwan,Asia,Low,5,Tools & Machinery,Tier 1,Medium,73724.03,2017-01-20,True,True,Partial,,56.95,96.47,2025-01-13,Supplier Questionnaire,False,,,,,False,3.0,2,0.6666666666666666,70.45,56.95,96.47,2,0,4,0,0,2.0,39.023599999999995,Low Risk,Low Spend,Approved; monitor annually
S0761,Nimbus Materials,Turkey,Europe/Asia,Medium,15,Metals & Minerals,Tier 3,Medium,88425.76,2022-03-11,True,True,Limited,60.83,,53.92,2025-06-18,Supplier Questionnaire,True,2025-12-20,75.77,Minor,180.0,True,0.0,2,0.6666666666666666,60.83,64.68,53.92,2,8,10,0,0,7.0,75.0912,High Risk,Low Spend,Prioritize for audit and mitigation plan
S0762,Cobalt Industries,Thailand,Asia,Medium,15,Packaging,Tier 1,High,420814.17,2022-07-01,True,True,Full,87.26,74.06,67.85,2025-03-05,Third-party Rating,True,2025-02-08,76.28,None,365.0,True,0.0,3,1.0,87.26,74.06,67.85,5,0,0,0,0,0.0,37.4812,Low Risk,Medium Spend,Approved; monitor annually
S0763,Alpine Materials,Saudi Arabia,Middle East,Medium,15,Chemicals,Tier 2,Low,116625.91,2016-07-31,True,True,Full,59.33,53.2,78.86,2024-10-30,Third-party Rating,True,2024-04-11,74.44,None,365.0,False,12.0,3,1.0,59.33,53.2,78.86,0,4,0,0,0,0.0,55.7224,Medium Risk,Low Spend,Monitor quarterly; request additional evidence
S0764,Orion Manufacturing,Mexico,Americas,Medium,15,Components,Tier 2,Medium,1003013.31,2025-12-10,True,True,Full,70.25,69.2,65.44,2025-05-03,Supplier Questionnaire,True,2024-03-11,79.94,None,365.0,True,0.0,3,1.0,70.25,69.2,65.44,2,4,0,0,0,0.0,45.959199999999996,Medium Risk,High Spend,Monitor quarterly; request additional evidence
S0765,Atlas Holdings,South Korea,Asia,Low,5,IT Services,Tier 1,Medium,183310.0,2025-10-30,True,False,Partial,68.21,36.03,76.71,2024-09-18,Supplier Questionnaire,True,2025-01-30,77.03,None,365.0,True,0.0,3,1.0,68.21,36.03,76.71,2,0,4,0,5,0.0,55.69200000000001,Medium Risk,Low Spend,Monitor quarterly; request additional evidence
S0766,Eclipse Holdings,China,Asia,High,25,Logistics,Tier 2,Medium,105642.11,2018-05-23,True,True,Full,47.8,55.91,64.6,2024-12-20,Supplier Questionnaire,True,2025-01-20,72.97,None,365.0,True,3.0,3,1.0,47.8,55.91,64.6,2,4,0,0,0,0.0,64.98,Medium Risk,Low Spend,Monitor quarterly; request additional evidence
S0767,Orion Industries,Switzerland,Europe,Low,5,Chemicals,Tier 1,Low,99635.9,2022-12-01,True,True,Full,,72.54,75.97,2025-06-08,Third-party Rating,False,,,,,False,7.0,2,0.6666666666666666,70.39,72.54,75.97,0,0,0,0,0,2.0,35.5644,Low Risk,Low Spend,Approved; monitor annually
S0768,Helios Partners,Mexico,Americas,Medium,15,Components,Tier 2,High,382302.06,2016-08-15,True,True,Partial,80.89,60.2,91.74,2024-05-20,Supplier Questionnaire,False,,,,,False,0.0,3,1.0,80.89,60.2,91.74,5,4,4,0,0,6.0,51.164,Medium Risk,Medium Spend,Monitor quarterly; request additional evidence
S0769,Cascade Systems,United States,Americas,Low,5,Facility,Tier 1,Low,185064.41,2024-02-18,True,True,Limited,56.83,68.25,67.76,2025-11-26,Third-party Rating,True,2024-06-01,81.24,None,365.0,True,0.0,3,1.0,56.83,68.25,67.76,0,0,10,0,0,0.0,47.854400000000005,Medium Risk,Low Spend,Monitor quarterly; request additional evidence
S0770,Alpine Materials,United Arab Emirates,Middle East,Medium,15,Components,Tier 2,Medium,305094.01,2022-02-23,True,True,Limited,70.27,88.59,66.01,2025-01-31,Third-party Rating,True,2025-04-30,73.66,None,365.0,True,0.0,3,1.0,70.27,88.59,66.01,2,4,10,0,0,0.0,48.0152,Medium Risk,Medium Spend,Monitor quarterly; request additional evidence
S0771,Eclipse Components,Vietnam,Asia,High,25,Components,Tier 2,Low,650555.4,2021-04-07,False,True,Full,56.85,40.71,57.21,2024-11-22,Third-party Rating,False,,,,,False,0.0,3,1.0,56.85,40.71,57.21,0,4,0,12,0,6.0,85.24080000000001,High Risk,Medium Spend,Request signature/commitment before continuation
S0772,Eclipse Supply,Saudi Arabia,Middle East,Medium,15,Components,Tier 2,Medium,92783.12,2020-04-04,True,True,Partial,57.98,53.7,73.19,2024-04-30,Supplier Questionnaire,False,,,,,False,0.0,3,1.0,57.98,53.7,73.19,2,4,4,0,0,6.0,63.1148,Medium Risk,Low Spend,Monitor quarterly; request additional evidence
S0773,Atlas Materials,South Africa,Africa,Medium,15,Packaging,Tier 1,Medium,54529.5,2019-09-04,False,True,Full,76.18,59.11,58.22,2025-01-12,Third-party Rating,False,,,,,False,0.0,3,1.0,76.18,59.11,58.22,2,0,0,12,0,6.0,64.6452,Medium Risk,Low Spend,Request signature/commitment before continuation
S0774,Argent Supply,Saudi Arabia,Middle East,Medium,15,Packaging,Tier 3,Low,88380.33,2020-02-20,False,True,Full,79.65,40.18,66.62,2025-03-03,Supplier Questionnaire,False,,,,,False,0.0,3,1.0,79.65,40.18,66.62,0,8,0,12,0,6.0,74.5576,High Risk,Low Spend,Request signature/commitment before continuation
S0775,Nimbus Supply,Canada,Americas,Low,5,Metals & Minerals,Tier 2,Medium,469352.15,2023-09-08,True,True,Limited,74.8,55.34,74.41,2025-07-21,Supplier Questionnaire,False,,,,,False,0.0,3,1.0,74.8,55.34,74.41,2,4,10,0,0,2.0,53.8588,Medium Risk,Medium Spend,Monitor quarterly; request additional evidence
S0776,Vega Industries,Germany,Europe,Low,5,Metals & Minerals,Tier 1,Low,657224.86,2016-02-10,True,True,Partial,65.37,83.39,90.08,2025-10-13,Supplier Questionnaire,False,,,,,False,0.0,3,1.0,65.37,83.39,90.08,0,0,4,0,0,2.0,28.2648,Low Risk,Medium Spend,Approved; monitor annually
S0777,Meridian Holdings,China,Asia,High,25,Metals & Minerals,Tier 1,Low,225764.8,2016-03-11,True,True,Partial,60.69,52.08,77.24,2025-05-14,Supplier Questionnaire,True,2024-04-29,55.72,Minor,180.0,True,0.0,3,1.0,60.69,52.08,77.24,0,0,4,0,0,10.57,65.778,Medium Risk,Low Spend,Monitor quarterly; request additional evidence
S0778,Aurora Holdings,United States,Americas,Low,5,Logistics,Tier 1,Medium,20479.22,2018-08-06,True,True,Partial,68.01,62.91,69.31,2024-07-24,Third-party Rating,False,,,,,False,0.0,3,1.0,68.01,62.91,69.31,2,0,4,0,0,2.0,44.364000000000004,Medium Risk,Low Spend,Monitor quarterly; request additional evidence
S0779,Cascade Holdings,Morocco,Africa,Medium,15,Components,Tier 2,Medium,196603.22,2021-05-07,True,True,Full,51.56,56.21,68.26,2024-09-04,Third-party Rating,False,,,,,False,3.0,3,1.0,51.56,56.21,68.26,2,4,0,0,0,6.0,63.135999999999996,Medium Risk,Low Spend,Monitor quarterly; request additional evidence
S0780,Argent Supply,Singapore,Asia,Low,5,Metals & Minerals,Tier 1,Low,489872.56,2018-02-24,True,False,Partial,77.43,67.47,74.44,2024-04-26,Third-party Rating,False,,,,,False,0.0,3,1.0,77.43,67.47,74.44,0,0,4,0,5,2.0,41.2608,Medium Risk,Medium Spend,Monitor quarterly; request additional evidence
S0781,Helios Materials,United States,Americas,Low,5,Tools & Machinery,Tier 2,Low,300646.54,2017-02-04,True,True,Partial,77.1,83.27,74.14,2024-08-13,Supplier Questionnaire,False,,,,,False,7.0,3,1.0,77.1,83.27,74.14,0,4,4,0,0,2.0,37.979200000000006,Low Risk,Medium Spend,Approved; monitor annually
S0782,Helios Manufacturing,Saudi Arabia,Middle East,Medium,15,Components,Tier 1,Low,569145.03,2021-06-23,True,True,Limited,62.31,80.42,58.37,2025-08-14,Internal Assessment,False,,,,,False,0.0,3,1.0,62.31,80.42,58.37,0,0,10,0,0,6.0,55.9568,Medium Risk,Medium Spend,Monitor quarterly; request additional evidence
S0783,Cobalt Supply,Italy,Europe,Low,5,Logistics,Tier 1,Low,423901.84,2016-12-24,True,True,Full,80.77,69.46,90.66,2024-12-19,Third-party Rating,False,,,,,False,3.0,3,1.0,80.77,69.46,90.66,0,0,0,0,0,2.0,26.989200000000004,Low Risk,Medium Spend,Approved; monitor annually
S0784,Aurora Group,Tunisia,Africa,Medium,15,Components,Tier 2,Low,268099.85,2020-11-17,False,True,Partial,61.16,63.88,63.93,2024-05-26,Supplier Questionnaire,False,,,,,False,0.0,3,1.0,61.16,63.88,63.93,0,4,4,12,0,6.0,71.1156,High Risk,Medium Spend,Request signature/commitment before continuation
S0785,Lumen Manufacturing,United States,Americas,Low,5,Chemicals,Tier 2,Medium,97037.74,2023-05-15,False,True,Full,76.1,68.28,67.73,2024-02-06,Internal Assessment,False,,,,,False,0.0,3,1.0,76.1,68.28,67.73,2,4,0,12,0,2.0,52.4564,Medium Risk,Low Spend,Request signature/commitment before continuation
S0786,Vega Supply,Japan,Asia,Low,5,Metals & Minerals,Tier 1,Medium,176418.66,2020-10-03,True,True,Partial,74.62,72.52,65.4,2025-02-24,Third-party Rating,False,,,,,False,0.0,3,1.0,74.62,72.52,65.4,2,0,4,0,0,2.0,39.9204,Low Risk,Low Spend,Approved; monitor annually
S0787,Nimbus Supply,Taiwan,Asia,Low,5,Tools & Machinery,Tier 3,Low,77664.5,2020-08-03,False,True,Partial,,,71.06,2024-01-10,Supplier Questionnaire,False,,,,,False,0.0,1,0.3333333333333333,70.45,67.47,71.06,0,8,4,12,0,2.0,59.296800000000005,Medium Risk,Low Spend,Request signature/commitment before continuation
S0788,Zenith Systems,Canada,Americas,Low,5,Chemicals,Tier 2,Low,38049.07,2023-11-05,True,True,Full,77.18,43.6,94.01,2024-12-30,Third-party Rating,False,,,,,False,3.0,3,1.0,77.18,43.6,94.01,0,4,0,0,0,2.0,41.2664,Medium Risk,Low Spend,Monitor quarterly; request additional evidence
S0789,Cobalt Supply,Tunisia,Africa,Medium,15,Components,Tier 2,High,285125.26,2022-11-16,False,True,Full,69.11,53.14,76.33,2024-12-20,Supplier Questionnaire,False,,,,,False,0.0,3,1.0,69.11,53.14,76.33,5,4,0,12,0,6.0,70.2176,High Risk,Medium Spend,Request signature/commitment before continuation
S0790,Helios Manufacturing,Italy,Europe,Low,5,Components,Tier 1,Medium,822728.15,2020-05-16,True,True,Full,75.19,75.88,69.34,2024-05-05,Supplier Questionnaire,True,2025-06-21,74.36,None,365.0,True,0.0,3,1.0,75.19,75.88,69.34,2,0,0,0,0,0.0,31.156000000000006,Low Risk,Medium Spend,Approved; monitor annually
S0791,Zenith Supply,Japan,Asia,Low,5,Metals & Minerals,Tier 1,Medium,615874.23,2016-05-20,True,True,Partial,77.91,82.49,,2025-04-02,Supplier Questionnaire,True,2025-03-13,56.04,None,365.0,True,0.0,2,0.6666666666666666,77.91,82.49,67.18,2,0,4,0,0,3.49,35.9316,Low Risk,Medium Spend,Approved; monitor annually
S0792,Aurora Partners,Japan,Asia,Low,5,Facility,Tier 2,Medium,93634.29,2025-01-04,True,True,Partial,,77.22,67.38,2025-08-20,Supplier Questionnaire,True,2024-05-05,68.07,Minor,180.0,True,3.0,2,0.6666666666666666,67.09,77.22,67.38,2,4,4,0,0,7.482500000000002,50.6477,Medium Risk,Low Spend,Monitor quarterly; request additional evidence
S0793,Helios Group,Turkey,Europe/Asia,Medium,15,Chemicals,Tier 1,Low,914238.33,2022-08-03,True,False,Limited,67.02,69.98,74.44,2024-04-06,Supplier Questionnaire,False,,,,,False,0.0,3,1.0,67.02,69.98,74.44,0,0,10,0,5,6.0,58.671600000000005,Medium Risk,Medium Spend,Monitor quarterly; request additional evidence
S0794,Aurora Materials,India,Asia,High,25,Components,Tier 1,Low,220551.26,2024-12-11,True,True,Limited,58.15,82.99,76.25,2024-03-06,Internal Assessment,True,2025-04-28,77.27,None,365.0,True,0.0,3,1.0,58.15,82.99,76.25,0,0,10,0,0,0.0,49.87200000000001,Medium Risk,Low Spend,Monitor quarterly; request additional evidence
S0795,Eclipse Systems,China,Asia,High,25,Packaging,Tier 1,Low,461110.52,2016-08-31,True,True,Partial,74.04,55.92,61.88,2025-09-30,Third-party Rating,False,,,,,False,0.0,3,1.0,74.04,55.92,61.88,0,0,4,0,0,6.0,60.849199999999996,Medium Risk,Medium Spend,Monitor quarterly; request additional evidence
S0796,Nimbus Holdings,Thailand,Asia,Medium,15,Logistics,Tier 1,High,908193.36,2021-03-07,True,True,Partial,65.93,70.7,65.05,2024-03-14,Supplier Questionnaire,True,2024-04-25,62.36,None,365.0,True,0.0,3,1.0,65.93,70.7,65.05,5,0,4,0,0,1.9100000000000001,51.6036,Medium Risk,Medium Spend,Monitor quarterly; request additional evidence
S0797,Atlas Holdings,Japan,Asia,Low,5,Components,Tier 3,Low,336264.11,2021-02-12,True,True,Limited,52.03,80.37,,2025-04-11,Internal Assessment,False,,,,,False,0.0,2,0.6666666666666666,52.03,80.37,69.62,0,8,10,0,0,2.0,53.7552,Medium Risk,Medium Spend,Monitor quarterly; request additional evidence
S0798,Alpine Systems,Switzerland,Europe,Low,5,Facility,Tier 2,Low,80443.37,2022-10-18,True,False,Partial,79.22,77.37,60.3,2025-09-29,Third-party Rating,False,,,,,False,0.0,3,1.0,79.22,77.37,60.3,0,4,4,0,5,2.0,45.3244,Medium Risk,Low Spend,Monitor quarterly; request additional evidence
S0799,Atlas Materials,Canada,Americas,Low,5,Components,Tier 2,Medium,227221.64,2016-09-17,True,True,Full,,70.99,64.35,2025-05-26,Supplier Questionnaire,False,,,,,False,0.0,2,0.6666666666666666,69.185,70.99,64.35,2,4,0,0,0,2.0,42.39020000000001,Medium Risk,Low Spend,Monitor quarterly; request additional evidence
S0800,Alpine Manufacturing,Switzerland,Europe,Low,5,Logistics,Tier 1,Medium,188668.02,2016-02-14,True,True,Partial,72.47,66.15,,2025-01-04,Supplier Questionnaire,True,2024-11-06,83.13,None,365.0,True,0.0,2,0.6666666666666666,72.47,66.15,67.73,2,0,4,0,0,0.0,40.324799999999996,Medium Risk,Low Spend,Monitor quarterly; request additional evidence
S0801,Argent Systems,Indonesia,Asia,High,25,Metals & Minerals,Tier 1,Medium,121875.62,2019-06-30,True,True,Partial,,59.23,43.12,2025-09-11,Supplier Questionnaire,True,2024-06-29,54.35,Major,30.0,True,22.0,2,0.6666666666666666,67.95,59.23,43.12,2,0,4,0,0,18.9125,94.24610000000001,High Risk,Low Spend,Immediate corrective action + 30-day follow-up
S0802,Nimbus Components,United States,Americas,Low,5,Components,Tier 1,Medium,164582.32,2023-09-28,True,True,Partial,82.83,31.7,68.64,2024-12-23,Supplier Questionnaire,False,,,,,False,0.0,3,1.0,82.83,31.7,68.64,2,0,4,0,0,2.0,52.912800000000004,Medium Risk,Low Spend,Monitor quarterly; request additional evidence
S0803,Aurora Holdings,China,Asia,High,25,IT Services,Tier 3,Low,45783.92,2017-09-27,True,True,Full,59.79,56.5,44.78,2024-12-25,Third-party Rating,True,2025-10-05,70.1,None,365.0,True,15.0,3,1.0,59.79,56.5,44.78,0,8,0,0,0,0.0,76.3292,High Risk,Low Spend,Prioritize for audit and mitigation plan
S0804,Aurora Supply,Tunisia,Africa,Medium,15,Chemicals,Tier 2,High,340036.04,2016-12-25,True,True,Partial,57.22,44.94,71.77,2025-08-02,Third-party Rating,True,2025-10-13,77.05,None,365.0,True,0.0,3,1.0,57.22,44.94,71.77,5,4,4,0,0,0.0,64.286,Medium Risk,Medium Spend,Monitor quarterly; request additional evidence
S0805,Zenith Logistics,Indonesia,Asia,High,25,Chemicals,Tier 1,Low,420232.46,2018-08-25,True,True,Full,42.1,56.96,63.61,2025-11-23,Supplier Questionnaire,True,2024-03-05,49.71,Minor,180.0,True,0.0,3,1.0,42.1,56.96,63.61,0,0,0,0,0,12.0725,70.8953,High Risk,Medium Spend,Prioritize for audit and mitigation plan
S0806,Eclipse Materials,South Africa,Africa,Medium,15,IT Services,Tier 1,Low,289283.56,2016-03-17,True,True,Partial,65.0,54.39,65.31,2024-12-02,Supplier Questionnaire,False,,,,,False,0.0,3,1.0,65.0,54.39,65.31,0,0,4,0,0,6.0,57.394800000000004,Medium Risk,Medium Spend,Monitor quarterly; request additional evidence
S0807,Argent Manufacturing,New Zealand,Oceania,Low,5,Metals & Minerals,Tier 2,High,1080333.35,2022-03-30,True,True,Limited,75.86,45.61,49.55,2024-11-22,Supplier Questionnaire,False,,,,,False,12.0,3,1.0,75.86,45.61,49.55,5,4,10,0,0,2.0,75.00919999999999,High Risk,High Spend,Prioritize for audit and mitigation plan
S0808,Lumen Industries,Mexico,Americas,Medium,15,Tools & Machinery,Tier 1,Medium,195442.46,2019-10-26,True,True,Partial,76.39,63.81,73.39,2024-07-07,Internal Assessment,False,,,,,False,0.0,3,1.0,76.39,63.81,73.39,2,0,4,0,0,6.0,49.852000000000004,Medium Risk,Low Spend,Monitor quarterly; request additional evidence
S0809,Nimbus Services,Vietnam,Asia,High,25,Components,Tier 1,Low,276596.07,2022-02-22,True,True,Limited,58.37,39.85,51.35,2025-06-01,Third-party Rating,False,,,,,False,7.0,3,1.0,58.37,39.85,51.35,0,0,10,0,0,6.0,84.8844,High Risk,Medium Spend,Prioritize for audit and mitigation plan
S0810,Aurora Systems,Australia,Oceania,Low,5,Chemicals,Tier 1,Low,133163.58,2023-09-28,True,True,Partial,81.52,70.32,72.97,2025-07-20,Supplier Questionnaire,True,2024-10-12,89.9,None,365.0,True,7.0,3,1.0,81.52,70.32,72.97,0,0,4,0,0,0.0,36.29600000000001,Low Risk,Low Spend,Approved; monitor annually
S0811,Cobalt Partners,Philippines,Asia,Medium,15,Components,Tier 1,Low,515641.78,2016-06-02,True,True,Full,76.56,42.03,77.94,2024-02-08,Supplier Questionnaire,True,2025-04-01,86.76,None,365.0,True,0.0,3,1.0,76.56,42.03,77.94,0,0,0,0,0,0.0,45.0604,Medium Risk,Medium Spend,Monitor quarterly; request additional evidence
S0812,Aurora Systems,South Africa,Africa,Medium,15,Packaging,Tier 3,Low,597924.02,2025-09-04,True,True,Partial,,54.74,67.73,2025-09-30,Supplier Questionnaire,True,2024-07-25,56.62,Minor,180.0,True,0.0,2,0.6666666666666666,72.38,54.74,67.73,0,8,4,0,0,10.345,66.759,Medium Risk,Medium Spend,Monitor quarterly; request additional evidence
S0813,Helios Services,Thailand,Asia,Medium,15,Metals & Minerals,Tier 2,High,291014.24,2025-10-16,True,True,Limited,78.2,52.51,67.65,2024-04-02,Supplier Questionnaire,True,2025-06-08,68.46,None,365.0,True,0.0,3,1.0,78.2,52.51,67.65,5,4,10,0,0,0.38500000000000156,63.087,Medium Risk,Medium Spend,Monitor quarterly; request additional evidence
S0814,Nimbus Materials,Philippines,Asia,Medium,15,Components,Tier 1,High,1203486.23,2022-01-05,True,True,Limited,65.2,,53.04,2024-02-29,Supplier Questionnaire,True,2025-01-02,59.45,None,365.0,False,19.0,2,0.6666666666666666,65.2,65.88,53.04,5,0,10,0,0,2.6374999999999993,74.75670000000001,High Risk,High Spend,Prioritize for audit and mitigation plan
S0815,Meridian Partners,Canada,Americas,Low,5,Metals & Minerals,Tier 2,High,1654015.96,2024-02-10,True,True,Limited,70.37,71.89,68.76,2024-07-15,Supplier Questionnaire,False,,,,,False,0.0,3,1.0,70.37,71.89,68.76,5,4,10,0,0,2.0,53.2872,Medium Risk,High Spend,Monitor quarterly; request additional evidence
S0816,Argent Group,Mexico,Americas,Medium,15,Packaging,Tier 1,Medium,244328.43,2022-07-24,True,True,Limited,74.98,77.08,,2025-12-23,Supplier Questionnaire,True,2024-08-24,81.52,None,365.0,True,0.0,2,0.6666666666666666,74.98,77.08,69.13,2,0,10,0,0,0.0,46.302,Medium Risk,Low Spend,Monitor quarterly; request additional evidence
S0817,Cobalt Group,United Arab Emirates,Middle East,Medium,15,Facility,Tier 1,Low,121544.75,2025-04-10,True,True,Limited,75.69,50.76,69.29,2025-01-07,Supplier Questionnaire,False,,,,,False,15.0,3,1.0,75.69,50.76,69.29,0,0,10,0,0,6.0,68.83,Medium Risk,Low Spend,Monitor quarterly; request additional evidence
S0818,Cobalt Systems,Mexico,Americas,Medium,15,Tools & Machinery,Tier 1,Low,182972.22,2018-03-30,True,True,Partial,,55.27,65.82,2024-07-26,Third-party Rating,False,,,,,False,3.0,2,0.6666666666666666,70.45,55.27,65.82,0,0,4,0,0,6.0,57.0036,Medium Risk,Low Spend,Monitor quarterly; request additional evidence
S0819,Alpine Systems,Canada,Americas,Low,5,Consulting,Tier 2,High,95955.26,2020-05-22,True,True,Limited,84.51,61.16,60.74,2024-01-14,Supplier Questionnaire,True,2024-08-31,78.84,None,365.0,False,7.0,3,1.0,84.51,61.16,60.74,5,4,10,0,0,0.0,58.0364,Medium Risk,Low Spend,Monitor quarterly; request additional evidence
S0820,Novatek Logistics,New Zealand,Oceania,Low,5,IT Services,Tier 2,Medium,28692.64,2022-02-15,False,True,Partial,72.76,61.62,57.06,2025-11-12,Supplier Questionnaire,False,,,,,False,0.0,3,1.0,72.76,61.62,57.06,2,4,4,12,0,2.0,63.47,Medium Risk,Low Spend,Request signature/commitment before continuation
S0821,Novatek Manufacturing,Thailand,Asia,Medium,15,Components,Tier 2,Medium,254978.76,2024-11-11,True,True,Partial,77.66,68.37,47.4,2024-03-20,Internal Assessment,False,,,,,False,0.0,3,1.0,77.66,68.37,47.4,2,4,4,0,0,6.0,59.9892,Medium Risk,Medium Spend,Monitor quarterly; request additional evidence
S0822,Zenith Components,Tunisia,Africa,Medium,15,Metals & Minerals,Tier 3,High,298411.13,2022-06-15,True,True,Limited,56.71,63.55,62.54,2024-05-02,Supplier Questionnaire,False,,,,,False,0.0,3,1.0,56.71,63.55,62.54,5,8,10,0,0,6.0,75.9384,High Risk,Medium Spend,Prioritize for audit and mitigation plan
S0823,Nimbus Industries,Brazil,Americas,Medium,15,Components,Tier 2,High,969291.67,2024-08-10,True,True,Partial,40.75,,72.78,2025-02-27,Third-party Rating,True,2025-01-13,71.76,None,365.0,True,0.0,2,0.6666666666666666,40.75,65.88,72.78,5,4,4,0,0,0.0,60.19840000000001,Medium Risk,Medium Spend,Monitor quarterly; request additional evidence
S0824,Argent Group,Mexico,Americas,Medium,15,Tools & Machinery,Tier 2,High,305431.29,2024-06-16,True,True,Limited,66.49,55.36,62.51,2024-02-15,Third-party Rating,True,2024-11-28,45.83,Major,30.0,True,0.0,3,1.0,66.49,55.36,62.51,5,4,10,0,0,21.0425,87.52810000000001,High Risk,Medium Spend,Immediate corrective action + 30-day follow-up
S0825,Argent Partners,New Zealand,Oceania,Low,5,Tools & Machinery,Tier 1,Low,313250.98,2023-07-18,True,True,Partial,83.71,82.39,77.18,2024-04-22,Supplier Questionnaire,True,2025-11-05,76.75,None,365.0,False,0.0,3,1.0,83.71,82.39,77.18,0,0,4,0,0,0.0,25.657600000000002,Low Risk,Medium Spend,Approved; monitor annually
S0826,Lumen Materials,Taiwan,Asia,Low,5,Components,Tier 2,Medium,381551.99,2020-08-07,True,True,Partial,70.58,55.44,65.54,2024-09-28,Third-party Rating,False,,,,,False,0.0,3,1.0,70.58,55.44,65.54,2,4,4,0,0,2.0,51.8388,Medium Risk,Medium Spend,Monitor quarterly; request additional evidence
S0827,Zenith Systems,Switzerland,Europe,Low,5,Packaging,Tier 2,Low,204896.66,2023-10-05,True,True,Partial,,47.78,74.72,2024-02-10,Third-party Rating,False,,,,,False,0.0,2,0.6666666666666666,72.38,47.78,74.72,0,4,4,0,0,2.0,49.461200000000005,Medium Risk,Low Spend,Monitor quarterly; request additional evidence
S0828,Orion Logistics,Singapore,Asia,Low,5,Metals & Minerals,Tier 1,Low,644583.46,2022-07-22,False,True,Limited,72.64,60.59,63.36,2025-09-02,Third-party Rating,False,,,,,False,0.0,3,1.0,72.64,60.59,63.36,0,0,10,12,0,2.0,61.8996,Medium Risk,Medium Spend,Request signature/commitment before continuation
S0829,Meridian Group,United Kingdom,Europe,Low,5,IT Services,Tier 2,Medium,159899.11,2025-11-03,True,True,Full,98.0,84.32,,2024-05-24,Third-party Rating,True,2024-01-18,94.43,Minor,180.0,True,0.0,2,0.6666666666666666,98.0,84.32,68.87,2,4,0,0,0,7.0,32.5436,Low Risk,Low Spend,Approved; monitor annually
S0830,Meridian Supply,Saudi Arabia,Middle East,Medium,15,Tools & Machinery,Tier 1,High,203006.94,2025-05-14,False,True,Partial,72.33,72.42,47.85,2024-06-02,Third-party Rating,True,2024-06-09,98.0,None,365.0,True,7.0,3,1.0,72.33,72.42,47.85,5,0,4,12,0,0.0,68.5676,Medium Risk,Low Spend,Request signature/commitment before continuation
S0831,Helios Services,India,Asia,High,25,Components,Tier 2,Low,419026.23,2024-03-03,True,True,Full,53.19,67.61,,2025-07-25,Supplier Questionnaire,True,2024-11-09,79.99,None,365.0,True,0.0,2,0.6666666666666666,53.19,67.61,69.62,0,4,0,0,0,0.0,53.534400000000005,Medium Risk,Medium Spend,Monitor quarterly; request additional evidence
S0832,Lumen Manufacturing,United Kingdom,Europe,Low,5,Consulting,Tier 1,Medium,96656.09,2018-02-18,True,False,Partial,88.74,73.06,,2024-04-23,Supplier Questionnaire,False,,,,,False,0.0,2,0.6666666666666666,88.74,73.06,66.98,2,0,4,0,5,2.0,40.245200000000004,Medium Risk,Low Spend,Monitor quarterly; request additional evidence
S0833,Nimbus Materials,Italy,Europe,Low,5,Components,Tier 1,High,1542765.97,2023-04-28,True,True,Partial,82.32,66.31,70.05,2025-11-02,Supplier Questionnaire,False,,,,,False,0.0,3,1.0,82.32,66.31,70.05,5,0,4,0,0,2.0,41.760400000000004,Medium Risk,High Spend,Monitor quarterly; request additional evidence
S0834,Nimbus Materials,South Africa,Africa,Medium,15,Chemicals,Tier 2,High,225145.46,2021-06-02,True,True,Partial,83.1,54.68,70.29,2025-11-22,Supplier Questionnaire,False,,,,,False,0.0,3,1.0,83.1,54.68,70.29,5,4,4,0,0,6.0,59.6172,Medium Risk,Low Spend,Monitor quarterly; request additional evidence
S0835,Cobalt Supply,Switzerland,Europe,Low,5,Components,Tier 1,Medium,434112.89,2018-12-22,True,True,Partial,66.78,56.37,70.87,2024-12-28,Third-party Rating,False,,,,,False,0.0,3,1.0,66.78,56.37,70.87,2,0,4,0,0,2.0,46.8252,Medium Risk,Medium Spend,Monitor quarterly; request additional evidence
S0836,Nimbus Holdings,Switzerland,Europe,Low,5,Packaging,Tier 2,High,1774148.58,2021-08-24,True,True,Partial,71.76,65.95,65.3,2024-09-13,Third-party Rating,False,,,,,False,0.0,3,1.0,71.76,65.95,65.3,5,4,4,0,0,2.0,50.3812,Medium Risk,High Spend,Monitor quarterly; request additional evidence
S0837,Vega Systems,Mexico,Americas,Medium,15,Metals & Minerals,Tier 1,Low,654175.31,2022-05-11,False,True,Partial,75.71,68.25,58.47,2024-09-29,Supplier Questionnaire,True,2024-01-01,81.88,None,365.0,True,12.0,3,1.0,75.71,68.25,58.47,0,0,4,12,0,0.0,63.640800000000006,Medium Risk,Medium Spend,Request signature/commitment before continuation
S0838,Nimbus Systems,United Arab Emirates,Middle East,Medium,15,Logistics,Tier 2,Low,187663.88,2023-08-10,True,True,Full,55.82,66.57,65.0,2025-05-31,Internal Assessment,True,2025-11-14,65.63,None,365.0,True,0.0,3,1.0,55.82,66.57,65.0,0,4,0,0,0,1.0925000000000011,50.28490000000001,Medium Risk,Low Spend,Monitor quarterly; request additional evidence
S0839,Atlas Manufacturing,Morocco,Africa,Medium,15,Metals & Minerals,Tier 2,Low,272439.99,2016-02-04,True,True,Partial,61.03,48.16,69.41,2024-03-29,Supplier Questionnaire,True,2024-07-11,64.11,Minor,180.0,True,7.0,3,1.0,61.03,48.16,69.41,0,4,4,0,0,8.4725,70.00890000000001,High Risk,Medium Spend,Prioritize for audit and mitigation plan
S0840,Cobalt Logistics,Spain,Europe,Low,5,Metals & Minerals,Tier 2,Low,114290.63,2018-06-19,True,True,Limited,61.76,83.98,50.25,2025-10-27,Supplier Questionnaire,False,,,,,False,0.0,3,1.0,61.76,83.98,50.25,0,4,10,0,0,2.0,51.7852,Medium Risk,Low Spend,Monitor quarterly; request additional evidence
S0841,Eclipse Services,Taiwan,Asia,Low,5,Components,Tier 1,High,484679.14,2023-12-30,True,True,Limited,61.28,74.54,80.56,2025-04-15,Third-party Rating,True,2024-01-28,69.89,Minor,180.0,True,0.0,3,1.0,61.28,74.54,80.56,5,0,10,0,0,7.0275,52.0239,Medium Risk,Medium Spend,Monitor quarterly; request additional evidence
S0842,Lumen Systems,South Africa,Africa,Medium,15,Tools & Machinery,Tier 1,High,290118.47,2018-01-14,True,True,Limited,64.24,76.69,68.29,2025-10-14,Supplier Questionnaire,False,,,,,False,0.0,3,1.0,64.24,76.69,68.29,5,0,10,0,0,6.0,58.734,Medium Risk,Medium Spend,Monitor quarterly; request additional evidence
S0843,Cobalt Group,United Arab Emirates,Middle East,Medium,15,Packaging,Tier 1,Low,619039.03,2022-02-26,True,True,Full,85.64,68.66,77.29,2024-05-01,Third-party Rating,True,2024-03-19,67.36,Minor,180.0,True,12.0,3,1.0,85.64,68.66,77.29,0,0,0,0,0,7.66,46.334,Medium Risk,Medium Spend,Monitor quarterly; request additional evidence
S0844,Cobalt Supply,Italy,Europe,Low,5,Consulting,Tier 3,Low,145067.48,2017-11-17,True,True,Partial,83.14,72.83,77.94,2024-03-03,Third-party Rating,True,2025-06-09,68.23,None,365.0,True,0.0,3,1.0,83.14,72.83,77.94,0,8,4,0,0,0.442499999999999,37.840500000000006,Low Risk,Low Spend,Approved; monitor annually
S0845,Argent Partners,Australia,Oceania,Low,5,Facility,Tier 1,Low,423922.18,2021-07-15,True,True,Limited,60.09,69.28,79.87,2025-03-28,Supplier Questionnaire,True,2024-01-16,86.2,None,365.0,True,0.0,3,1.0,60.09,69.28,79.87,0,0,10,0,0,0.0,42.654399999999995,Medium Risk,Medium Spend,Monitor quarterly; request additional evidence
S0846,Vega Materials,Saudi Arabia,Middle East,Medium,15,Components,Tier 2,Medium,186859.47,2016-01-20,True,False,Partial,44.09,73.63,67.24,2024-06-06,Supplier Questionnaire,False,,,,,False,0.0,3,1.0,44.09,73.63,67.24,2,4,4,0,5,6.0,65.936,Medium Risk,Low Spend,Monitor quarterly; request additional evidence
S0847,Lumen Supply,South Africa,Africa,Medium,15,Tools & Machinery,Tier 1,Low,191097.44,2025-07-28,True,True,Full,69.03,79.76,80.84,2024-09-12,Supplier Questionnaire,False,,,,,False,0.0,3,1.0,69.03,79.76,80.84,0,0,0,0,0,6.0,37.148799999999994,Low Risk,Low Spend,Approved; monitor annually
S0848,Argent Systems,Tunisia,Africa,Medium,15,Components,Tier 3,Low,390935.86,2019-09-04,True,True,Partial,49.0,85.47,74.79,2025-04-21,Internal Assessment,True,2024-06-11,48.71,Minor,180.0,False,0.0,3,1.0,49.0,85.47,74.79,0,8,4,0,0,12.3225,60.7317,Medium Risk,Medium Spend,Monitor quarterly; request additional evidence
S0849,Cobalt Services,China,Asia,High,25,Packaging,Tier 3,Medium,52011.67,2019-01-20,True,False,Partial,49.6,36.98,50.53,2025-08-26,Internal Assessment,True,2025-01-11,54.99,Minor,180.0,True,7.0,3,1.0,49.6,36.98,50.53,2,8,4,0,5,10.7525,100.0,High Risk,Low Spend,Prioritize for audit and mitigation plan
S0850,Aurora Services,Taiwan,Asia,Low,5,Consulting,Tier 3,Medium,74551.87,2024-10-04,True,True,Limited,71.35,83.35,67.29,2025-06-04,Third-party Rating,False,,,,,False,0.0,3,1.0,71.35,83.35,67.29,2,8,10,0,0,2.0,49.89920000000001,Medium Risk,Low Spend,Monitor quarterly; request additional evidence
S0851,Zenith Group,United Arab Emirates,Middle East,Medium,15,Metals & Minerals,Tier 1,High,2280789.18,2024-11-08,True,True,Full,73.27,49.33,71.24,2025-12-06,Third-party Rating,True,2024-07-04,48.23,Major,30.0,True,0.0,3,1.0,73.27,49.33,71.24,5,0,0,0,0,20.442500000000003,70.6481,High Risk,High Spend,Immediate corrective action + 30-day follow-up
S0852,Orion Supply,Germany,Europe,Low,5,Metals & Minerals,Tier 1,Low,260081.0,2021-12-04,True,True,Limited,83.6,57.39,68.63,2024-10-11,Third-party Rating,False,,,,,False,0.0,3,1.0,83.6,57.39,68.63,0,0,10,0,0,2.0,46.424400000000006,Medium Risk,Medium Spend,Monitor quarterly; request additional evidence
S0853,Lumen Supply,Brazil,Americas,Medium,15,Packaging,Tier 1,Medium,52329.07,2022-12-14,True,True,Full,67.77,68.71,66.1,2025-06-12,Internal Assessment,False,,,,,False,0.0,3,1.0,67.77,68.71,66.1,2,0,0,0,0,6.0,48.638400000000004,Medium Risk,Low Spend,Monitor quarterly; request additional evidence
S0854,Helios Group,Saudi Arabia,Middle East,Medium,15,Components,Tier 1,Low,87536.43,2016-01-12,True,True,Partial,66.64,,63.8,2024-11-19,Third-party Rating,False,,,,,False,0.0,2,0.6666666666666666,66.64,65.88,63.8,0,0,4,0,0,6.0,52.82280000000001,Medium Risk,Low Spend,Monitor quarterly; request additional evidence
S0855,Lumen Components,United Arab Emirates,Middle East,Medium,15,Components,Tier 1,Medium,105654.78,2023-12-08,True,True,Limited,82.29,64.03,,2024-10-01,Third-party Rating,False,,,,,False,0.0,2,0.6666666666666666,82.29,64.03,69.62,2,0,10,0,0,6.0,55.3184,Medium Risk,Low Spend,Monitor quarterly; request additional evidence
S0856,Nimbus Supply,Malaysia,Asia,Medium,15,IT Services,Tier 1,Low,446889.79,2016-12-05,True,True,Full,48.14,70.27,51.8,2025-08-13,Supplier Questionnaire,True,2024-10-05,82.18,None,365.0,True,12.0,3,1.0,48.14,70.27,51.8,0,0,0,0,0,0.0,56.686800000000005,Medium Risk,Medium Spend,Monitor quarterly; request additional evidence
S0857,Aurora Holdings,United Arab Emirates,Middle East,Medium,15,Packaging,Tier 1,Low,104664.31,2022-06-02,True,True,Partial,72.9,38.35,59.22,2024-07-21,Supplier Questionnaire,True,2024-10-27,67.14,Minor,180.0,True,12.0,3,1.0,72.9,38.35,59.22,0,0,4,0,0,7.715,71.8626,High Risk,Low Spend,Prioritize for audit and mitigation plan
S0858,Argent Holdings,France,Europe,Low,5,Logistics,Tier 3,Low,818948.53,2016-08-24,True,True,Partial,77.87,66.74,,2025-02-25,Third-party Rating,False,,,,,False,12.0,2,0.6666666666666666,77.87,66.74,67.73,0,8,4,0,0,2.0,53.17680000000001,Medium Risk,Medium Spend,Monitor quarterly; request additional evidence
S0859,Orion Materials,Saudi Arabia,Middle East,Medium,15,Components,Tier 1,Low,1229533.42,2021-08-08,True,True,Partial,66.79,65.83,71.73,2025-02-02,Internal Assessment,True,2025-09-17,92.03,None,365.0,False,0.0,3,1.0,66.79,65.83,71.73,0,0,4,0,0,0.0,44.2632,Medium Risk,High Spend,Monitor quarterly; request additional evidence
S0860,Lumen Manufacturing,Saudi Arabia,Middle East,Medium,15,Components,Tier 1,High,2851441.75,2022-01-11,True,True,Partial,,57.97,68.98,2024-05-21,Supplier Questionnaire,True,2025-11-20,80.03,Minor,180.0,True,0.0,2,0.6666666666666666,69.185,57.97,68.98,5,0,4,0,0,7.0,59.6166,Medium Risk,High Spend,Monitor quarterly; request additional evidence
S0861,Vega Logistics,Philippines,Asia,Medium,15,Chemicals,Tier 1,High,590812.3,2018-09-11,True,True,Full,68.85,72.8,67.08,2024-01-28,Supplier Questionnaire,False,,,,,False,0.0,3,1.0,68.85,72.8,67.08,5,0,0,0,0,6.0,49.38640000000001,Medium Risk,Medium Spend,Monitor quarterly; request additional evidence
S0862,Cobalt Group,Australia,Oceania,Low,5,IT Services,Tier 1,Low,261456.07,2024-03-30,True,True,Partial,74.51,74.75,92.04,2025-01-06,Third-party Rating,False,,,,,False,0.0,3,1.0,74.51,74.75,92.04,0,0,4,0,0,2.0,28.534399999999998,Low Risk,Medium Spend,Approved; monitor annually
S0863,Argent Systems,Australia,Oceania,Low,5,IT Services,Tier 2,Medium,71892.12,2016-08-01,True,True,Partial,80.08,57.82,,2024-12-02,Supplier Questionnaire,False,,,,,False,6.0,2,0.6666666666666666,80.08,57.82,68.87,2,4,4,0,0,2.0,50.4612,Medium Risk,Low Spend,Monitor quarterly; request additional evidence
S0864,Argent Components,South Korea,Asia,Low,5,IT Services,Tier 2,Low,137968.61,2019-05-04,True,True,Limited,65.47,56.23,59.53,2025-04-16,Supplier Questionnaire,False,,,,,False,0.0,3,1.0,65.47,56.23,59.53,0,4,10,0,0,2.0,58.8768,Medium Risk,Low Spend,Monitor quarterly; request additional evidence
S0865,Eclipse Components,Australia,Oceania,Low,5,Metals & Minerals,Tier 1,Low,625037.74,2023-11-18,True,True,Limited,83.48,76.85,63.39,2024-07-18,Third-party Rating,False,,,,,False,0.0,3,1.0,83.48,76.85,63.39,0,0,10,0,0,2.0,40.35080000000001,Medium Risk,Medium Spend,Monitor quarterly; request additional evidence
S0866,Argent Manufacturing,Germany,Europe,Low,5,Components,Tier 1,Low,768888.72,2021-03-03,True,True,Full,73.58,71.69,80.56,2025-06-02,Internal Assessment,True,2024-03-10,55.43,Minor,180.0,True,0.0,3,1.0,73.58,71.69,80.56,0,0,0,0,0,10.6425,38.334900000000005,Low Risk,Medium Spend,Approved; monitor annually
S0867,Alpine Services,China,Asia,High,25,Packaging,Tier 2,Medium,55499.53,2019-04-12,True,True,Limited,58.09,53.15,,2025-11-03,Third-party Rating,True,2024-05-26,48.38,Minor,180.0,True,3.0,2,0.6666666666666666,58.09,53.15,69.13,2,4,10,0,0,12.405,84.15820000000001,High Risk,Low Spend,Prioritize for audit and mitigation plan
S0868,Argent Partners,Switzerland,Europe,Low,5,Metals & Minerals,Tier 2,Low,260670.09,2020-05-03,True,True,Partial,66.88,68.51,77.45,2024-11-30,Supplier Questionnaire,False,,,,,False,0.0,3,1.0,66.88,68.51,77.45,0,4,4,0,0,2.0,41.8356,Medium Risk,Medium Spend,Monitor quarterly; request additional evidence
S0869,Cascade Manufacturing,Brazil,Americas,Medium,15,Metals & Minerals,Tier 1,Low,335143.08,2021-12-23,True,False,Limited,68.55,69.78,59.48,2024-06-24,Internal Assessment,False,,,,,False,0.0,3,1.0,68.55,69.78,59.48,0,0,10,0,5,6.0,63.110400000000006,Medium Risk,Medium Spend,Monitor quarterly; request additional evidence
S0870,Nimbus Manufacturing,Canada,Americas,Low,5,Facility,Tier 1,Low,147650.31,2023-05-09,True,True,Limited,65.65,41.34,54.92,2025-02-28,Internal Assessment,False,,,,,False,0.0,3,1.0,65.65,41.34,54.92,0,0,10,0,0,2.0,62.2576,Medium Risk,Low Spend,Monitor quarterly; request additional evidence
S0871,Novatek Manufacturing,Italy,Europe,Low,5,Packaging,Tier 3,Low,46623.86,2022-05-11,True,True,Full,58.68,59.72,83.59,2025-04-29,Supplier Questionnaire,False,,,,,False,0.0,3,1.0,58.68,59.72,83.59,0,8,0,0,0,2.0,45.6828,Medium Risk,Low Spend,Monitor quarterly; request additional evidence
S0872,Argent Systems,Morocco,Africa,Medium,15,Packaging,Tier 1,Medium,717317.65,2023-11-07,True,False,Limited,67.15,71.1,58.3,2025-10-27,Supplier Questionnaire,True,2025-10-01,66.75,Minor,180.0,True,0.0,3,1.0,67.15,71.1,58.3,2,0,10,0,5,7.8125,67.1645,Medium Risk,Medium Spend,Monitor quarterly; request additional evidence
S0873,Argent Services,India,Asia,High,25,Metals & Minerals,Tier 1,Medium,298722.43,2024-05-23,False,True,Partial,70.31,61.46,62.44,2024-01-21,Supplier Questionnaire,False,,,,,False,0.0,3,1.0,70.31,61.46,62.44,2,0,4,12,0,6.0,73.4984,High Risk,Medium Spend,Request signature/commitment before continuation
S0874,Cobalt Materials,United Arab Emirates,Middle East,Medium,15,Packaging,Tier 3,Low,49102.52,2019-11-01,True,True,Full,86.94,55.91,51.48,2025-04-03,Third-party Rating,False,,,,,False,0.0,3,1.0,86.94,55.91,51.48,0,8,0,0,0,6.0,59.0692,Medium Risk,Low Spend,Monitor quarterly; request additional evidence
S0875,Novatek Partners,United Kingdom,Europe,Low,5,Components,Tier 2,Low,1374509.47,2017-11-04,True,False,Full,88.24,72.6,75.49,2024-03-05,Supplier Questionnaire,False,,,,,False,0.0,3,1.0,88.24,72.6,75.49,0,4,0,0,5,2.0,35.846000000000004,Low Risk,High Spend,Approved; monitor annually
S0876,Eclipse Industries,France,Europe,Low,5,Consulting,Tier 1,Low,559385.88,2019-08-15,True,True,Limited,56.08,89.1,65.32,2025-05-21,Supplier Questionnaire,False,,,,,False,0.0,3,1.0,56.08,89.1,65.32,0,0,10,0,0,2.0,42.5052,Medium Risk,Medium Spend,Monitor quarterly; request additional evidence
S0877,Atlas Services,United Arab Emirates,Middle East,Medium,15,Metals & Minerals,Tier 1,Medium,400779.37,2018-12-26,True,True,Full,48.26,64.74,82.1,2025-05-14,Supplier Questionnaire,False,,,,,False,0.0,3,1.0,48.26,64.74,82.1,2,0,0,0,0,6.0,50.56920000000001,Medium Risk,Medium Spend,Monitor quarterly; request additional evidence
S0878,Lumen Supply,Singapore,Asia,Low,5,Metals & Minerals,Tier 2,Low,73953.14,2025-05-26,True,True,Partial,70.13,65.34,75.57,2025-09-29,Supplier Questionnaire,False,,,,,False,0.0,3,1.0,70.13,65.34,75.57,0,4,4,0,0,2.0,42.79520000000001,Medium Risk,Low Spend,Monitor quarterly; request additional evidence
S0879,Zenith Holdings,South Korea,Asia,Low,5,Metals & Minerals,Tier 3,Medium,160306.88,2024-09-20,False,True,Limited,54.83,47.54,62.38,2024-02-04,Supplier Questionnaire,False,,,,,False,3.0,3,1.0,54.83,47.54,62.38,2,8,10,12,0,2.0,84.07000000000001,High Risk,Low Spend,Request signature/commitment before continuation
S0880,Cascade Components,Philippines,Asia,Medium,15,Chemicals,Tier 3,Medium,29538.64,2024-05-31,True,True,Partial,63.19,,60.49,2024-10-16,Third-party Rating,True,2024-04-25,93.36,None,365.0,False,3.0,2,0.6666666666666666,63.19,68.28,60.49,2,8,4,0,0,0.0,59.538000000000004,Medium Risk,Low Spend,Monitor quarterly; request additional evidence
S0881,Lumen Services,Morocco,Africa,Medium,15,Metals & Minerals,Tier 1,Low,540007.03,2020-07-30,True,True,Full,,48.91,78.69,2025-07-10,Third-party Rating,False,,,,,False,0.0,2,0.6666666666666666,67.95,48.91,78.69,0,0,0,0,0,6.0,50.479200000000006,Medium Risk,Medium Spend,Monitor quarterly; request additional evidence
S0882,Cascade Manufacturing,Turkey,Europe/Asia,Medium,15,Chemicals,Tier 1,Low,106280.74,2020-10-28,False,True,Full,66.95,64.68,64.03,2024-12-05,Supplier Questionnaire,False,,,,,False,0.0,3,1.0,66.95,64.68,64.03,0,0,0,12,0,6.0,61.142399999999995,Medium Risk,Low Spend,Request signature/commitment before continuation
S0883,Novatek Materials,Turkey,Europe/Asia,Medium,15,Components,Tier 1,Low,350265.05,2020-05-13,True,True,Partial,57.21,62.36,75.49,2025-06-10,Internal Assessment,False,,,,,False,0.0,3,1.0,57.21,62.36,75.49,0,0,4,0,0,6.0,53.1304,Medium Risk,Medium Spend,Monitor quarterly; request additional evidence
S0884,Cobalt Partners,Singapore,Asia,Low,5,Facility,Tier 1,Low,671857.32,2023-04-16,True,True,Partial,59.45,89.52,76.77,2025-02-14,Supplier Questionnaire,False,,,,,False,7.0,3,1.0,59.45,89.52,76.77,0,0,4,0,0,2.0,35.579600000000006,Low Risk,Medium Spend,Approved; monitor annually
S0885,Helios Supply,United Arab Emirates,Middle East,Medium,15,IT Services,Tier 3,Low,65345.73,2022-02-05,True,True,Partial,53.06,60.63,64.76,2024-07-15,Supplier Questionnaire,False,,,,,False,0.0,3,1.0,53.06,60.63,64.76,0,8,4,0,0,6.0,66.41799999999999,Medium Risk,Low Spend,Monitor quarterly; request additional evidence
S0886,Lumen Materials,Turkey,Europe/Asia,Medium,15,Components,Tier 3,Low,338640.33,2017-05-09,True,True,Partial,,60.04,60.18,2025-01-28,Internal Assessment,False,,,,,False,7.0,2,0.6666666666666666,69.185,60.04,60.18,0,8,4,0,0,6.0,67.4546,Medium Risk,Medium Spend,Monitor quarterly; request additional evidence
S0887,Nimbus Group,New Zealand,Oceania,Low,5,Logistics,Tier 3,High,312414.13,2025-07-23,True,True,Limited,67.83,72.06,65.76,2025-09-06,Internal Assessment,True,2025-05-20,62.23,Minor,180.0,True,0.0,3,1.0,67.83,72.06,65.76,5,8,10,0,0,8.9425,65.8329,Medium Risk,Medium Spend,Monitor quarterly; request additional evidence
S0888,Aurora Partners,New Zealand,Oceania,Low,5,IT Services,Tier 1,Low,434324.22,2016-09-08,True,False,Full,67.86,78.52,71.51,2024-05-19,Third-party Rating,False,,,,,False,0.0,3,1.0,67.86,78.52,71.51,0,0,0,0,5,2.0,36.458,Low Risk,Medium Spend,Approved; monitor annually
S0889,Lumen Manufacturing,Philippines,Asia,Medium,15,Tools & Machinery,Tier 2,Low,280917.18,2018-08-13,True,True,Partial,52.08,82.45,65.96,2024-07-12,Internal Assessment,False,,,,,False,0.0,3,1.0,52.08,82.45,65.96,0,4,4,0,0,6.0,53.580400000000004,Medium Risk,Medium Spend,Monitor quarterly; request additional evidence
S0890,Eclipse Services,South Korea,Asia,Low,5,Components,Tier 2,Medium,258590.09,2018-06-20,True,False,Full,68.54,71.76,72.17,2024-07-14,Third-party Rating,False,,,,,False,0.0,3,1.0,68.54,71.76,72.17,2,4,0,0,5,2.0,44.7604,Medium Risk,Medium Spend,Monitor quarterly; request additional evidence
S0891,Eclipse Logistics,Tunisia,Africa,Medium,15,Facility,Tier 2,Low,115415.96,2018-09-19,False,True,Full,,58.82,70.26,2025-04-17,Supplier Questionnaire,True,2024-10-06,73.84,None,365.0,False,0.0,2,0.6666666666666666,67.09,58.82,70.26,0,4,0,12,0,0.0,59.4536,Medium Risk,Low Spend,Request signature/commitment before continuation
S0892,Cascade Logistics,Vietnam,Asia,High,25,Components,Tier 2,Low,408329.95,2023-08-03,True,True,Full,65.02,56.39,70.25,2024-03-26,Supplier Questionnaire,False,,,,,False,12.0,3,1.0,65.02,56.39,70.25,0,4,0,0,0,6.0,67.10839999999999,Medium Risk,Medium Spend,Monitor quarterly; request additional evidence
S0893,Helios Industries,Taiwan,Asia,Low,5,Packaging,Tier 1,Medium,537213.49,2016-08-26,True,True,Partial,64.26,71.97,71.67,2025-03-30,Supplier Questionnaire,False,,,,,False,0.0,3,1.0,64.26,71.97,71.67,2,0,4,0,0,2.0,41.034800000000004,Medium Risk,Medium Spend,Monitor quarterly; request additional evidence
S0894,Zenith Holdings,Singapore,Asia,Low,5,IT Services,Tier 1,Low,131019.46,2020-11-14,True,True,Limited,96.0,78.74,69.89,2024-10-07,Internal Assessment,True,2024-11-16,91.14,Minor,180.0,True,0.0,3,1.0,96.0,78.74,69.89,0,0,10,0,0,7.0,39.0092,Low Risk,Low Spend,Approved; monitor annually
S0895,Lumen Holdings,Indonesia,Asia,High,25,Facility,Tier 3,Medium,15211.77,2019-06-21,True,True,Full,73.73,45.93,,2024-10-26,Third-party Rating,True,2024-02-19,75.29,None,365.0,False,19.0,2,0.6666666666666666,73.73,45.93,67.76,2,8,0,0,0,0.0,73.5004,High Risk,Low Spend,Prioritize for audit and mitigation plan
S0896,Zenith Services,Japan,Asia,Low,5,Metals & Minerals,Tier 1,Medium,726282.02,2024-12-28,True,True,Full,83.17,67.1,69.57,2024-01-19,Internal Assessment,True,2025-03-24,76.76,None,365.0,True,7.0,3,1.0,83.17,67.1,69.57,2,0,0,0,0,0.0,36.21000000000001,Low Risk,Medium Spend,Approved; monitor annually
S0897,Cobalt Components,India,Asia,High,25,Metals & Minerals,Tier 2,Medium,321107.43,2025-05-12,True,True,Limited,64.89,47.8,,2024-03-02,Third-party Rating,True,2025-08-30,52.02,Minor,180.0,True,0.0,2,0.6666666666666666,64.89,47.8,67.18,2,4,10,0,0,11.495,82.4582,High Risk,Medium Spend,Prioritize for audit and mitigation plan
S0898,Vega Manufacturing,India,Asia,High,25,Metals & Minerals,Tier 2,Low,459865.72,2016-07-09,True,True,Limited,57.86,63.06,61.0,2025-10-30,Third-party Rating,True,2024-01-10,64.3,None,365.0,False,0.0,3,1.0,57.86,63.06,61.0,0,4,10,0,0,1.4250000000000007,68.2302,Medium Risk,Medium Spend,Monitor quarterly; request additional evidence
S0899,Orion Partners,Malaysia,Asia,Medium,15,Packaging,Tier 1,High,74605.31,2023-04-21,True,False,Limited,72.36,76.13,64.53,2025-01-06,Supplier Questionnaire,False,,,,,False,7.0,3,1.0,72.36,76.13,64.53,5,0,10,0,5,6.0,66.73760000000001,Medium Risk,Low Spend,Monitor quarterly; request additional evidence
S0900,Cobalt Manufacturing,Spain,Europe,Low,5,Packaging,Tier 1,High,170546.2,2025-10-21,True,True,Partial,80.54,78.99,72.94,2025-06-14,Supplier Questionnaire,False,,,,,False,0.0,3,1.0,80.54,78.99,72.94,5,0,4,0,0,2.0,36.262,Low Risk,Low Spend,Approved; monitor annually
S0901,Helios Services,France,Europe,Low,5,Facility,Tier 3,Low,199711.44,2017-12-24,False,True,Partial,62.08,53.09,56.83,2024-02-18,Internal Assessment,True,2024-08-09,85.28,None,365.0,True,12.0,3,1.0,62.08,53.09,56.83,0,8,4,12,0,0.0,76.54599999999999,High Risk,Low Spend,Request signature/commitment before continuation
S0902,Alpine Materials,Indonesia,Asia,High,25,Components,Tier 1,Low,131271.87,2021-08-25,True,True,Full,68.36,53.9,75.52,2025-09-06,Supplier Questionnaire,True,2024-08-03,72.53,None,365.0,True,7.0,3,1.0,68.36,53.9,75.52,0,0,0,0,0,0.0,52.732800000000005,Medium Risk,Low Spend,Monitor quarterly; request additional evidence
S0903,Argent Manufacturing,Spain,Europe,Low,5,Chemicals,Tier 1,High,378188.34,2022-01-30,True,True,Full,85.08,73.48,77.88,2025-05-03,Supplier Questionnaire,False,,,,,False,0.0,3,1.0,85.08,73.48,77.88,5,0,0,0,0,2.0,31.614,Low Risk,Medium Spend,Approved; monitor annually
S0904,Meridian Services,Switzerland,Europe,Low,5,Metals & Minerals,Tier 1,High,556792.44,2019-06-29,True,True,Partial,73.89,70.77,85.91,2025-03-19,Supplier Questionnaire,True,2024-12-27,56.95,None,365.0,True,0.0,3,1.0,73.89,70.77,85.91,5,0,4,0,0,3.2624999999999993,38.524100000000004,Low Risk,Medium Spend,Approved; monitor annually
S0905,Zenith Manufacturing,United Arab Emirates,Middle East,Medium,15,Components,Tier 2,Medium,169103.32,2024-07-01,True,True,Partial,71.18,55.65,59.18,2025-02-12,Supplier Questionnaire,True,2024-06-17,52.5,Minor,180.0,True,0.0,3,1.0,71.18,55.65,59.18,2,4,4,0,0,11.375,68.497,Medium Risk,Low Spend,Monitor quarterly; request additional evidence
S0906,Novatek Group,Japan,Asia,Low,5,Packaging,Tier 2,Low,72350.61,2021-08-10,True,True,Partial,71.89,53.99,73.08,2024-11-18,Supplier Questionnaire,False,,,,,False,0.0,3,1.0,71.89,53.99,73.08,0,4,4,0,0,2.0,47.6392,Medium Risk,Low Spend,Monitor quarterly; request additional evidence
S0907,Argent Industries,Turkey,Europe/Asia,Medium,15,Logistics,Tier 3,High,75099.06,2024-08-05,True,True,Limited,64.73,35.1,58.17,2025-07-09,Supplier Questionnaire,False,,,,,False,0.0,3,1.0,64.73,35.1,58.17,5,8,10,0,0,6.0,86.47120000000001,High Risk,Low Spend,Prioritize for audit and mitigation plan
S0908,Vega Partners,Indonesia,Asia,High,25,IT Services,Tier 2,Low,145339.11,2023-03-23,True,True,Full,60.16,45.42,75.64,2024-02-08,Third-party Rating,False,,,,,False,15.0,3,1.0,60.16,45.42,75.64,0,4,0,0,0,6.0,72.7824,High Risk,Low Spend,Prioritize for audit and mitigation plan
S0909,Lumen Partners,Indonesia,Asia,High,25,Facility,Tier 3,Low,121828.59,2021-06-06,True,True,Full,49.34,39.46,62.79,2024-04-23,Supplier Questionnaire,True,2024-04-09,41.8,Major,30.0,True,0.0,3,1.0,49.34,39.46,62.79,0,8,0,0,0,22.05,94.108,High Risk,Low Spend,Immediate corrective action + 30-day follow-up
S0910,Helios Partners,United Kingdom,Europe,Low,5,Consulting,Tier 1,Low,121343.15,2016-10-25,True,True,Partial,62.26,87.42,67.01,2025-02-12,Supplier Questionnaire,False,,,,,False,7.0,3,1.0,62.26,87.42,67.01,0,0,4,0,0,2.0,38.756,Low Risk,Low Spend,Approved; monitor annually
S0911,Alpine Partners,Philippines,Asia,Medium,15,Components,Tier 1,Low,151864.83,2017-08-28,False,True,Full,55.98,38.76,62.88,2024-02-27,Supplier Questionnaire,False,,,,,False,0.0,3,1.0,55.98,38.76,62.88,0,0,0,12,0,6.0,74.95,High Risk,Low Spend,Request signature/commitment before continuation
S0912,Zenith Supply,Turkey,Europe/Asia,Medium,15,Components,Tier 1,High,55347.16,2025-06-13,True,True,Full,70.16,71.52,75.04,2024-07-16,Supplier Questionnaire,True,2025-12-11,83.77,None,365.0,True,0.0,3,1.0,70.16,71.52,75.04,5,0,0,0,0,0.0,40.98440000000001,Medium Risk,Low Spend,Monitor quarterly; request additional evidence
S0913,Alpine Logistics,Spain,Europe,Low,5,Components,Tier 1,Low,507730.06,2020-08-14,True,True,Full,85.4,47.54,,2025-05-03,Internal Assessment,True,2024-05-21,63.33,Minor,180.0,True,3.0,2,0.6666666666666666,85.4,47.54,69.62,0,0,0,0,0,8.6675,47.86109999999999,Medium Risk,Medium Spend,Monitor quarterly; request additional evidence
S0914,Alpine Components,Tunisia,Africa,Medium,15,Metals & Minerals,Tier 1,High,1180689.16,2020-02-11,True,False,Limited,70.14,56.38,38.91,2024-02-05,Third-party Rating,True,2024-01-07,55.05,Minor,180.0,False,0.0,3,1.0,70.14,56.38,38.91,5,0,10,0,5,10.7375,84.3451,High Risk,High Spend,Prioritize for audit and mitigation plan
S0915,Alpine Services,Canada,Americas,Low,5,Facility,Tier 1,Low,267085.31,2016-08-15,True,True,Full,80.56,,61.38,2024-10-07,Supplier Questionnaire,False,,,,,False,0.0,2,0.6666666666666666,80.56,66.305,61.38,0,0,0,0,0,2.0,36.0296,Low Risk,Medium Spend,Approved; monitor annually
S0916,Eclipse Holdings,India,Asia,High,25,Logistics,Tier 1,Low,844074.78,2021-02-13,True,False,Full,58.71,64.23,67.58,2024-07-17,Supplier Questionnaire,True,2025-09-04,65.56,None,365.0,True,0.0,3,1.0,58.71,64.23,67.58,0,0,0,0,5,1.1099999999999994,56.1036,Medium Risk,Medium Spend,Monitor quarterly; request additional evidence
S0917,Cascade Systems,Japan,Asia,Low,5,Metals & Minerals,Tier 2,Medium,262924.26,2016-07-08,True,True,Partial,68.69,61.88,74.35,2025-01-24,Third-party Rating,False,,,,,False,0.0,3,1.0,68.69,61.88,74.35,2,4,4,0,0,2.0,46.97280000000001,Medium Risk,Medium Spend,Monitor quarterly; request additional evidence
S0918,Nimbus Partners,Vietnam,Asia,High,25,Components,Tier 3,Low,699118.53,2023-11-09,False,True,Partial,64.71,28.49,61.07,2025-08-12,Supplier Questionnaire,True,2025-01-31,71.19,None,365.0,True,10.0,3,1.0,64.71,28.49,61.07,0,8,4,12,0,0.0,94.1928,High Risk,Medium Spend,Request signature/commitment before continuation
S0919,Alpine Manufacturing,India,Asia,High,25,Metals & Minerals,Tier 2,High,290445.35,2017-08-24,True,True,Full,50.74,57.75,64.96,2025-11-14,Supplier Questionnaire,False,,,,,False,10.0,3,1.0,50.74,57.75,64.96,5,4,0,0,0,6.0,76.1556,High Risk,Medium Spend,Prioritize for audit and mitigation plan
S0920,Eclipse Logistics,Mexico,Americas,Medium,15,Logistics,Tier 2,Low,72993.63,2019-04-20,True,True,Partial,55.21,71.12,63.45,2025-07-11,Supplier Questionnaire,False,,,,,False,0.0,3,1.0,55.21,71.12,63.45,0,4,4,0,0,6.0,58.0392,Medium Risk,Low Spend,Monitor quarterly; request additional evidence
S0921,Argent Partners,France,Europe,Low,5,Metals & Minerals,Tier 1,Low,394981.27,2018-01-17,True,True,Limited,75.91,64.92,65.37,2025-01-01,Supplier Questionnaire,False,,,,,False,0.0,3,1.0,75.91,64.92,65.37,0,0,10,0,0,2.0,46.6088,Medium Risk,Medium Spend,Monitor quarterly; request additional evidence
S0922,Lumen Logistics,Mexico,Americas,Medium,15,Tools & Machinery,Tier 1,Low,1313492.43,2024-10-09,True,False,Limited,55.01,58.11,63.01,2024-10-23,Internal Assessment,True,2025-04-22,90.46,None,365.0,True,0.0,3,1.0,55.01,58.11,63.01,0,0,10,0,5,0.0,64.44,Medium Risk,High Spend,Monitor quarterly; request additional evidence
S0923,Atlas Industries,Singapore,Asia,Low,5,Facility,Tier 1,Medium,128868.91,2025-11-04,True,True,Limited,96.0,58.12,66.14,2025-08-12,Third-party Rating,True,2024-02-02,63.96,Minor,180.0,False,0.0,3,1.0,96.0,58.12,66.14,2,0,10,0,0,8.51,51.9672,Medium Risk,Low Spend,Monitor quarterly; request additional evidence
S0924,Eclipse Manufacturing,South Korea,Asia,Low,5,Metals & Minerals,Tier 3,Medium,66644.1,2023-09-18,True,True,Full,73.16,71.38,88.51,2025-05-25,Third-party Rating,False,,,,,False,0.0,3,1.0,73.16,71.38,88.51,2,8,0,0,0,2.0,37.39,Low Risk,Low Spend,Approved; monitor annually
S0925,Cascade Systems,Singapore,Asia,Low,5,Components,Tier 1,High,1161181.77,2021-05-20,True,True,Limited,63.44,,73.77,2025-04-11,Supplier Questionnaire,True,2024-02-09,98.0,None,365.0,True,0.0,2,0.6666666666666666,63.44,65.88,73.77,5,0,10,0,0,0.0,50.028400000000005,Medium Risk,High Spend,Monitor quarterly; request additional evidence
S0926,Zenith Industries,India,Asia,High,25,IT Services,Tier 1,Medium,152929.18,2020-12-22,True,True,Full,83.68,67.12,63.58,2025-03-04,Supplier Questionnaire,True,2025-10-10,42.16,Major,30.0,True,0.0,3,1.0,83.68,67.12,63.58,2,0,0,0,0,21.96,67.086,Medium Risk,Low Spend,Immediate corrective action + 30-day follow-up
S0927,Meridian Services,Italy,Europe,Low,5,Packaging,Tier 3,Low,134352.12,2024-03-19,True,True,Full,67.98,54.89,78.76,2024-12-27,Third-party Rating,False,,,,,False,0.0,3,1.0,67.98,54.89,78.76,0,8,0,0,0,2.0,46.5564,Medium Risk,Low Spend,Monitor quarterly; request additional evidence
S0928,Atlas Industries,United States,Americas,Low,5,Metals & Minerals,Tier 2,Low,166792.46,2019-10-20,True,True,Partial,78.54,64.4,,2024-10-26,Supplier Questionnaire,False,,,,,False,0.0,2,0.6666666666666666,78.54,64.4,67.18,0,4,4,0,0,2.0,43.5012,Medium Risk,Low Spend,Monitor quarterly; request additional evidence
S0929,Helios Logistics,Mexico,Americas,Medium,15,Packaging,Tier 2,Medium,151463.11,2018-11-14,True,False,Partial,74.19,67.09,54.31,2024-06-23,Third-party Rating,True,2024-03-17,65.45,None,365.0,True,0.0,3,1.0,74.19,67.09,54.31,2,4,4,0,5,1.1374999999999993,59.399100000000004,Medium Risk,Low Spend,Monitor quarterly; request additional evidence
S0930,Orion Supply,Indonesia,Asia,High,25,Logistics,Tier 1,Low,51502.09,2023-12-03,True,True,Partial,57.61,40.68,59.47,2024-08-22,Supplier Questionnaire,True,2024-10-14,71.23,Minor,180.0,True,0.0,3,1.0,57.61,40.68,59.47,0,0,4,0,0,7.0,73.3168,High Risk,Low Spend,Prioritize for audit and mitigation plan
S0931,Zenith Logistics,Indonesia,Asia,High,25,Metals & Minerals,Tier 1,Low,1602532.23,2023-12-22,True,True,Partial,58.88,50.14,49.36,2024-09-10,Third-party Rating,True,2024-08-19,51.47,Major,30.0,True,0.0,3,1.0,58.88,50.14,49.36,0,0,4,0,0,19.6325,85.04490000000001,High Risk,High Spend,Immediate corrective action + 30-day follow-up
S0932,Meridian Manufacturing,United States,Americas,Low,5,Chemicals,Tier 1,High,617875.39,2019-12-16,True,True,Partial,96.23,77.53,79.6,2025-07-06,Supplier Questionnaire,False,,,,,False,0.0,3,1.0,96.23,77.53,79.6,5,0,4,0,0,2.0,30.3216,Low Risk,Medium Spend,Approved; monitor annually
S0933,Nimbus Logistics,Switzerland,Europe,Low,5,Tools & Machinery,Tier 2,High,514127.45,2017-07-30,True,False,Partial,84.91,59.18,79.83,2024-06-28,Internal Assessment,False,,,,,False,0.0,3,1.0,84.91,59.18,79.83,5,4,4,0,5,2.0,49.7576,Medium Risk,Medium Spend,Monitor quarterly; request additional evidence
S0934,Aurora Group,Italy,Europe,Low,5,IT Services,Tier 1,Low,321971.7,2022-12-15,True,False,Full,69.52,,,2024-07-03,Supplier Questionnaire,False,,,,,False,0.0,1,0.3333333333333333,69.52,64.79,68.87,0,0,0,0,5,2.0,42.33,Medium Risk,Medium Spend,Monitor quarterly; request additional evidence
S0935,Argent Components,Thailand,Asia,Medium,15,Packaging,Tier 1,Low,97261.66,2024-07-25,True,True,Full,81.91,96.05,61.2,2025-09-23,Supplier Questionnaire,True,2025-01-02,67.78,Minor,180.0,True,0.0,3,1.0,81.91,96.05,61.2,0,0,0,0,0,7.555,34.8662,Low Risk,Low Spend,Approved; monitor annually
S0936,Helios Industries,South Korea,Asia,Low,5,Packaging,Tier 1,Low,371004.2,2025-01-20,True,True,Partial,81.99,,66.16,2024-01-12,Third-party Rating,False,,,,,False,0.0,2,0.6666666666666666,81.99,64.11,66.16,0,0,4,0,0,2.0,38.9776,Low Risk,Medium Spend,Approved; monitor annually
S0937,Cobalt Components,China,Asia,High,25,Packaging,Tier 1,Medium,124514.78,2017-11-03,False,True,Full,48.3,39.85,51.02,2025-07-30,Third-party Rating,False,,,,,False,12.0,3,1.0,48.3,39.85,51.02,2,0,0,12,0,6.0,94.5596,High Risk,Low Spend,Request signature/commitment before continuation
S0938,Cobalt Supply,Turkey,Europe/Asia,Medium,15,Chemicals,Tier 2,Low,100163.82,2024-12-07,True,True,Partial,66.79,70.13,57.28,2025-08-09,Third-party Rating,True,2025-08-08,65.94,Major,30.0,True,0.0,3,1.0,66.79,70.13,57.28,0,4,4,0,0,16.015,67.1822,Medium Risk,Low Spend,Immediate corrective action + 30-day follow-up
S0939,Argent Supply,Malaysia,Asia,Medium,15,Packaging,Tier 1,High,121285.87,2020-05-26,True,True,Limited,84.19,70.99,54.05,2025-08-13,Third-party Rating,True,2025-09-11,36.89,Major,30.0,True,0.0,3,1.0,84.19,70.99,54.05,5,0,10,0,0,23.2775,77.26230000000001,High Risk,Low Spend,Immediate corrective action + 30-day follow-up
S0940,Lumen Industries,United Arab Emirates,Middle East,Medium,15,Metals & Minerals,Tier 3,Low,326620.33,2022-02-23,True,True,Full,76.63,66.18,50.48,2025-06-28,Third-party Rating,False,,,,,False,0.0,3,1.0,76.63,66.18,50.48,0,8,0,0,0,6.0,58.168,Medium Risk,Medium Spend,Monitor quarterly; request additional evidence
S0941,Zenith Systems,Thailand,Asia,Medium,15,Metals & Minerals,Tier 2,Low,310305.94,2025-08-31,True,True,Limited,49.04,50.98,72.9,2025-11-09,Third-party Rating,False,,,,,False,0.0,3,1.0,49.04,50.98,72.9,0,4,10,0,0,6.0,70.7988,High Risk,Medium Spend,Prioritize for audit and mitigation plan
S0942,Lumen Industries,Philippines,Asia,Medium,15,Metals & Minerals,Tier 1,Medium,1108184.67,2020-03-04,True,True,Full,67.31,89.16,77.06,2025-10-21,Supplier Questionnaire,False,,,,,False,0.0,3,1.0,67.31,89.16,77.06,2,0,0,0,0,6.0,37.08,Low Risk,High Spend,Approved; monitor annually
S0943,Cascade Components,India,Asia,High,25,Logistics,Tier 1,Low,69569.75,2024-10-24,True,True,Partial,60.91,55.25,71.72,2025-09-17,Supplier Questionnaire,False,,,,,False,3.0,3,1.0,60.91,55.25,71.72,0,0,4,0,0,6.0,63.2948,Medium Risk,Low Spend,Monitor quarterly; request additional evidence
S0944,Novatek Materials,New Zealand,Oceania,Low,5,Logistics,Tier 2,Low,194877.56,2020-04-09,True,True,Partial,77.54,58.14,71.47,2024-11-15,Third-party Rating,True,2025-05-30,58.1,Minor,180.0,True,0.0,3,1.0,77.54,58.14,71.47,0,4,4,0,0,9.975,52.8874,Medium Risk,Low Spend,Monitor quarterly; request additional evidence
S0945,Vega Partners,United Arab Emirates,Middle East,Medium,15,Metals & Minerals,Tier 1,Medium,925756.21,2023-03-10,True,True,Partial,61.41,53.26,67.55,2025-03-11,Internal Assessment,True,2025-10-07,70.7,None,365.0,False,6.0,3,1.0,61.41,53.26,67.55,2,0,4,0,0,0.0,57.4352,Medium Risk,Medium Spend,Monitor quarterly; request additional evidence
S0946,Lumen Systems,Singapore,Asia,Low,5,Metals & Minerals,Tier 1,Medium,2842254.9,2024-11-23,True,False,Partial,,67.88,66.09,2024-03-06,Third-party Rating,False,,,,,False,0.0,2,0.6666666666666666,67.95,67.88,66.09,2,0,4,0,5,2.0,48.4232,Medium Risk,High Spend,Monitor quarterly; request additional evidence
S0947,Novatek Systems,Spain,Europe,Low,5,Metals & Minerals,Tier 1,Medium,418304.45,2017-11-15,True,True,Full,59.9,68.35,76.26,2024-04-27,Supplier Questionnaire,False,,,,,False,0.0,3,1.0,59.9,68.35,76.26,2,0,0,0,0,2.0,38.23480000000001,Low Risk,Medium Spend,Approved; monitor annually
S0948,Atlas Holdings,United States,Americas,Low,5,Chemicals,Tier 1,Medium,122696.24,2024-07-29,True,False,Partial,80.4,78.85,72.84,2024-01-03,Supplier Questionnaire,True,2025-02-25,69.8,None,365.0,True,0.0,3,1.0,80.4,78.85,72.84,2,0,4,0,5,0.05000000000000071,36.4392,Low Risk,Low Spend,Approved; monitor annually
S0949,Alpine Manufacturing,Indonesia,Asia,High,25,Consulting,Tier 2,Low,158300.41,2023-02-05,True,True,Partial,,,62.79,2025-05-10,Supplier Questionnaire,False,,,,,False,3.0,1,0.3333333333333333,69.58,61.12,62.79,0,4,4,0,0,6.0,65.3768,Medium Risk,Low Spend,Monitor quarterly; request additional evidence
S0950,Zenith Services,Canada,Americas,Low,5,Tools & Machinery,Tier 2,Medium,873284.32,2019-02-21,True,True,Partial,71.91,48.69,66.72,2025-02-11,Third-party Rating,False,,,,,False,0.0,3,1.0,71.91,48.69,66.72,2,4,4,0,0,2.0,53.7888,Medium Risk,Medium Spend,Monitor quarterly; request additional evidence
S0951,Alpine Partners,United Arab Emirates,Middle East,Medium,15,Facility,Tier 1,Low,466816.75,2020-08-03,False,True,Full,63.61,57.94,66.31,2025-12-30,Supplier Questionnaire,True,2025-08-09,61.0,Minor,180.0,False,0.0,3,1.0,63.61,57.94,66.31,0,0,0,12,0,9.25,67.29400000000001,Medium Risk,Medium Spend,Request signature/commitment before continuation
S0952,Novatek Components,Italy,Europe,Low,5,Metals & Minerals,Tier 1,Medium,325788.13,2019-07-29,True,True,Limited,84.93,58.93,61.21,2024-04-26,Internal Assessment,False,,,,,False,0.0,3,1.0,84.93,58.93,61.21,2,0,10,0,0,2.0,49.8104,Medium Risk,Medium Spend,Monitor quarterly; request additional evidence
S0953,Alpine Materials,Brazil,Americas,Medium,15,Metals & Minerals,Tier 2,Medium,859008.48,2019-05-08,True,True,Full,60.87,52.38,65.88,2024-03-23,Supplier Questionnaire,True,2024-02-02,66.02,Minor,180.0,False,0.0,3,1.0,60.87,52.38,65.88,2,4,0,0,0,7.995000000000001,63.1678,Medium Risk,Medium Spend,Monitor quarterly; request additional evidence
S0954,Atlas Components,Saudi Arabia,Middle East,Medium,15,Components,Tier 1,Medium,351569.58,2017-09-26,True,True,Limited,74.71,69.04,72.23,2024-04-30,Third-party Rating,False,,,,,False,0.0,3,1.0,74.71,69.04,72.23,2,0,10,0,0,6.0,54.601600000000005,Medium Risk,Medium Spend,Monitor quarterly; request additional evidence
S0955,Vega Group,Brazil,Americas,Medium,15,Packaging,Tier 1,Low,318856.37,2017-01-02,True,True,Partial,51.98,58.26,67.03,2025-12-23,Supplier Questionnaire,False,,,,,False,0.0,3,1.0,51.98,58.26,67.03,0,0,4,0,0,6.0,58.94200000000001,Medium Risk,Medium Spend,Monitor quarterly; request additional evidence
S0956,Argent Services,New Zealand,Oceania,Low,5,Facility,Tier 1,High,403281.65,2018-05-25,True,True,Partial,92.75,70.1,,2024-12-17,Supplier Questionnaire,True,2024-12-25,93.91,None,365.0,True,0.0,2,0.6666666666666666,92.75,70.1,67.76,5,0,4,0,0,0.0,36.0568,Low Risk,Medium Spend,Approved; monitor annually
S0957,Eclipse Logistics,Turkey,Europe/Asia,Medium,15,Logistics,Tier 3,Low,77327.94,2020-07-01,True,True,Full,43.01,59.41,71.52,2025-11-16,Third-party Rating,False,,,,,False,0.0,3,1.0,43.01,59.41,71.52,0,8,0,0,0,6.0,63.55680000000001,Medium Risk,Low Spend,Monitor quarterly; request additional evidence
S0958,Vega Manufacturing,United Arab Emirates,Middle East,Medium,15,Metals & Minerals,Tier 1,Medium,171189.98,2023-06-26,True,True,Partial,72.75,69.9,73.2,2025-02-05,Internal Assessment,True,2025-10-04,83.74,Minor,180.0,True,0.0,3,1.0,72.75,69.9,73.2,2,0,4,0,0,7.0,49.496,Medium Risk,Low Spend,Monitor quarterly; request additional evidence
S0959,Meridian Systems,United States,Americas,Low,5,Facility,Tier 2,Medium,366299.98,2019-07-10,True,True,Partial,66.6,78.74,58.31,2024-12-07,Third-party Rating,True,2024-02-05,50.08,Major,30.0,True,0.0,3,1.0,66.6,78.74,58.31,2,4,4,0,0,19.98,63.9268,Medium Risk,Medium Spend,Immediate corrective action + 30-day follow-up
S0960,Argent Manufacturing,Singapore,Asia,Low,5,Logistics,Tier 1,Low,549658.71,2024-05-29,True,True,Partial,65.95,63.46,73.37,2025-01-19,Supplier Questionnaire,False,,,,,False,0.0,3,1.0,65.95,63.46,73.37,0,0,4,0,0,2.0,41.4216,Medium Risk,Medium Spend,Monitor quarterly; request additional evidence
S0961,Novatek Manufacturing,China,Asia,High,25,Components,Tier 1,High,791309.99,2022-05-03,True,True,Full,62.1,42.03,,2025-06-23,Supplier Questionnaire,True,2024-01-02,74.0,None,365.0,True,6.0,2,0.6666666666666666,62.1,42.03,69.62,5,0,0,0,0,0.0,65.5716,Medium Risk,Medium Spend,Monitor quarterly; request additional evidence
S0962,Aurora Partners,Australia,Oceania,Low,5,Components,Tier 1,Low,351196.39,2017-04-05,True,True,Limited,69.96,,62.67,2024-08-19,Internal Assessment,False,,,,,False,0.0,2,0.6666666666666666,69.96,65.88,62.67,0,0,10,0,0,2.0,48.7548,Medium Risk,Medium Spend,Monitor quarterly; request additional evidence
S0963,Vega Services,Germany,Europe,Low,5,Metals & Minerals,Tier 1,Low,139417.11,2022-11-10,True,True,Partial,64.04,70.19,79.88,2024-12-18,Internal Assessment,False,,,,,False,0.0,3,1.0,64.04,70.19,79.88,0,0,4,0,0,2.0,37.181200000000004,Low Risk,Low Spend,Approved; monitor annually
S0964,Cobalt Components,South Africa,Africa,Medium,15,Packaging,Tier 1,Low,420897.04,2016-09-11,True,True,Full,76.4,70.35,72.17,2025-12-06,Supplier Questionnaire,True,2024-03-29,58.07,Minor,180.0,True,0.0,3,1.0,76.4,70.35,72.17,0,0,0,0,0,9.9825,45.606100000000005,Medium Risk,Medium Spend,Monitor quarterly; request additional evidence
S0965,Zenith Logistics,Mexico,Americas,Medium,15,IT Services,Tier 1,Low,204154.08,2018-04-09,True,True,Partial,75.09,58.31,64.72,2025-05-08,Internal Assessment,True,2024-03-24,92.7,None,365.0,True,7.0,3,1.0,75.09,58.31,64.72,0,0,4,0,0,0.0,51.0404,Medium Risk,Low Spend,Monitor quarterly; request additional evidence
S0966,Aurora Systems,Canada,Americas,Low,5,Metals & Minerals,Tier 1,Low,291074.17,2024-05-13,True,True,Full,,79.24,76.64,2024-03-05,Supplier Questionnaire,False,,,,,False,3.0,2,0.6666666666666666,67.95,79.24,76.64,0,0,0,0,0,2.0,31.153200000000002,Low Risk,Medium Spend,Approved; monitor annually
S0967,Meridian Logistics,Australia,Oceania,Low,5,Components,Tier 2,High,977721.26,2022-12-08,False,True,Partial,,65.28,78.16,2024-04-26,Third-party Rating,True,2025-06-03,65.73,None,365.0,False,0.0,2,0.6666666666666666,69.185,65.28,78.16,5,4,4,12,0,1.067499999999999,58.32249999999999,Medium Risk,Medium Spend,Request signature/commitment before continuation
S0968,Zenith Systems,Switzerland,Europe,Low,5,Facility,Tier 1,Low,55448.85,2021-02-14,False,False,Limited,57.87,62.74,46.3,2024-11-23,Third-party Rating,False,,,,,False,0.0,3,1.0,57.87,62.74,46.3,0,0,10,12,5,2.0,75.6344,High Risk,Low Spend,Request signature/commitment before continuation
S0969,Argent Components,Switzerland,Europe,Low,5,Packaging,Tier 1,Medium,73111.06,2016-05-01,True,True,Full,68.01,72.94,78.93,2024-01-15,Supplier Questionnaire,False,,,,,False,0.0,3,1.0,68.01,72.94,78.93,2,0,0,0,0,2.0,33.2736,Low Risk,Low Spend,Approved; monitor annually
S0970,Helios Services,China,Asia,High,25,Components,Tier 1,Medium,208201.45,2019-01-14,True,True,Full,64.49,72.11,52.71,2024-07-19,Internal Assessment,True,2024-05-10,72.41,None,365.0,True,0.0,3,1.0,64.49,72.11,52.71,2,0,0,0,0,0.0,51.9816,Medium Risk,Low Spend,Monitor quarterly; request additional evidence
S0971,Atlas Materials,Australia,Oceania,Low,5,Components,Tier 2,Medium,459119.0,2024-09-14,True,True,Partial,74.4,76.8,,2024-10-13,Third-party Rating,True,2025-09-22,73.14,None,365.0,True,12.0,2,0.6666666666666666,74.4,76.8,69.62,2,4,4,0,0,0.0,45.519600000000004,Medium Risk,Medium Spend,Monitor quarterly; request additional evidence
S0972,Novatek Group,Indonesia,Asia,High,25,Tools & Machinery,Tier 1,Medium,413380.1,2023-08-28,True,True,Partial,66.11,62.67,52.72,2025-11-30,Supplier Questionnaire,True,2025-07-17,69.22,Minor,180.0,True,12.0,3,1.0,66.11,62.67,52.72,2,0,4,0,0,7.195,73.0958,High Risk,Medium Spend,Prioritize for audit and mitigation plan
S0973,Zenith Industries,South Africa,Africa,Medium,15,IT Services,Tier 1,Medium,270432.33,2018-08-08,True,True,Full,60.48,65.08,58.22,2025-09-16,Supplier Questionnaire,True,2025-07-15,66.65,Minor,180.0,True,0.0,3,1.0,60.48,65.08,58.22,2,0,0,0,0,7.837499999999999,56.490700000000004,Medium Risk,Medium Spend,Monitor quarterly; request additional evidence
S0974,Cascade Group,Spain,Europe,Low,5,Metals & Minerals,Tier 3,Low,565482.32,2025-01-24,True,True,Partial,80.5,48.99,,2024-05-19,Internal Assessment,True,2025-03-11,58.79,None,365.0,True,0.0,2,0.6666666666666666,80.5,48.99,67.18,0,8,4,0,0,2.8025,53.9189,Medium Risk,Medium Spend,Monitor quarterly; request additional evidence
S0975,Cobalt Systems,Tunisia,Africa,Medium,15,Components,Tier 1,Low,613242.86,2017-02-09,True,True,Partial,61.36,75.51,63.62,2024-08-22,Third-party Rating,True,2024-03-29,61.42,Minor,180.0,True,7.0,3,1.0,61.36,75.51,63.62,0,0,4,0,0,9.145,57.5018,Medium Risk,Medium Spend,Monitor quarterly; request additional evidence
S0976,Alpine Materials,New Zealand,Oceania,Low,5,Components,Tier 1,Medium,1636978.8,2020-06-19,True,True,Partial,81.45,79.2,,2025-11-11,Internal Assessment,False,,,,,False,0.0,2,0.6666666666666666,81.45,79.2,69.62,2,0,4,0,0,2.0,33.9856,Low Risk,High Spend,Approved; monitor annually
S0977,Alpine Services,United States,Americas,Low,5,Metals & Minerals,Tier 3,Low,564298.69,2021-06-18,True,True,Full,63.3,50.85,,2024-12-02,Internal Assessment,False,,,,,False,19.0,2,0.6666666666666666,63.3,50.85,67.18,0,8,0,0,0,2.0,63.638400000000004,Medium Risk,Medium Spend,Monitor quarterly; request additional evidence
S0978,Nimbus Manufacturing,Vietnam,Asia,High,25,Metals & Minerals,Tier 1,High,520297.51,2019-10-20,True,False,Full,52.1,,41.34,2025-10-16,Supplier Questionnaire,True,2025-01-07,42.86,Major,30.0,True,0.0,2,0.6666666666666666,52.1,64.68,41.34,5,0,0,0,5,21.785,91.8462,High Risk,Medium Spend,Immediate corrective action + 30-day follow-up
S0979,Argent Systems,Taiwan,Asia,Low,5,Metals & Minerals,Tier 3,High,242659.75,2023-05-24,True,True,Partial,62.29,,64.83,2024-01-28,Supplier Questionnaire,True,2024-12-13,86.62,None,365.0,True,0.0,2,0.6666666666666666,62.29,64.68,64.83,5,8,4,0,0,0.0,55.691199999999995,Medium Risk,Low Spend,Monitor quarterly; request additional evidence
S0980,Novatek Industries,China,Asia,High,25,Metals & Minerals,Tier 1,Low,333044.28,2025-03-04,True,True,Partial,56.83,43.23,71.14,2024-02-08,Internal Assessment,True,2024-09-22,73.61,None,365.0,True,10.0,3,1.0,56.83,43.23,71.14,0,0,4,0,0,0.0,67.2808,Medium Risk,Medium Spend,Monitor quarterly; request additional evidence
S0981,Cobalt Manufacturing,Spain,Europe,Low,5,Packaging,Tier 2,Medium,244029.04,2018-12-02,True,True,Partial,78.88,60.64,72.49,2024-10-30,Supplier Questionnaire,True,2024-04-29,81.7,None,365.0,True,0.0,3,1.0,78.88,60.64,72.49,2,4,4,0,0,0.0,43.210800000000006,Medium Risk,Low Spend,Monitor quarterly; request additional evidence
S0982,Argent Logistics,India,Asia,High,25,Logistics,Tier 2,Low,97644.83,2025-02-06,True,True,Partial,71.84,47.63,52.41,2024-05-06,Internal Assessment,True,2024-10-05,68.63,Minor,180.0,True,0.0,3,1.0,71.84,47.63,52.41,0,4,4,0,0,7.342500000000001,73.1541,High Risk,Low Spend,Prioritize for audit and mitigation plan
S0983,Cobalt Group,Tunisia,Africa,Medium,15,IT Services,Tier 2,Low,249828.37,2016-03-06,True,False,Partial,73.56,,50.85,2025-11-13,Supplier Questionnaire,False,,,,,False,0.0,2,0.6666666666666666,73.56,64.79,50.85,0,4,4,0,5,6.0,64.4652,Medium Risk,Low Spend,Monitor quarterly; request additional evidence
S0984,Aurora Systems,Japan,Asia,Low,5,Components,Tier 1,Low,585810.33,2025-08-15,False,True,Limited,90.68,90.99,72.26,2024-01-29,Supplier Questionnaire,True,2025-06-16,66.64,Minor,180.0,True,0.0,3,1.0,90.68,90.99,72.26,0,0,10,12,0,7.84,47.680400000000006,Medium Risk,Medium Spend,Request signature/commitment before continuation
S0985,Zenith Partners,Thailand,Asia,Medium,15,Components,Tier 3,Medium,110119.73,2024-04-15,True,True,Partial,,,72.78,2024-08-22,Third-party Rating,True,2025-11-11,68.31,None,365.0,True,0.0,1,0.3333333333333333,69.185,65.88,72.78,2,8,4,0,0,0.42249999999999943,53.6591,Medium Risk,Low Spend,Monitor quarterly; request additional evidence
S0986,Aurora Components,Italy,Europe,Low,5,Consulting,Tier 1,Low,388009.73,2018-10-24,True,True,Partial,88.99,69.15,68.25,2024-04-03,Third-party Rating,False,,,,,False,0.0,3,1.0,88.99,69.15,68.25,0,0,4,0,0,2.0,34.3328,Low Risk,Medium Spend,Approved; monitor annually
S0987,Nimbus Components,Vietnam,Asia,High,25,Metals & Minerals,Tier 1,Medium,480358.13,2016-12-18,True,True,Full,62.63,66.92,75.81,2024-12-29,Supplier Questionnaire,False,,,,,False,7.0,3,1.0,62.63,66.92,75.81,2,0,0,0,0,6.0,57.0364,Medium Risk,Medium Spend,Monitor quarterly; request additional evidence
S0988,Cobalt Supply,Tunisia,Africa,Medium,15,Metals & Minerals,Tier 1,Medium,1558141.47,2018-06-01,True,True,Partial,61.52,76.49,,2025-09-25,Internal Assessment,False,,,,,False,0.0,2,0.6666666666666666,61.52,76.49,67.18,2,0,4,0,0,6.0,50.930800000000005,Medium Risk,High Spend,Monitor quarterly; request additional evidence
S0989,Orion Industries,Germany,Europe,Low,5,Logistics,Tier 1,High,256393.32,2019-01-04,True,True,Limited,70.73,73.5,84.64,2024-04-09,Supplier Questionnaire,False,,,,,False,3.0,3,1.0,70.73,73.5,84.64,5,0,10,0,0,2.0,45.1108,Medium Risk,Medium Spend,Monitor quarterly; request additional evidence
S0990,Lumen Logistics,Philippines,Asia,Medium,15,Metals & Minerals,Tier 1,Low,280944.81,2021-12-24,True,True,Partial,72.82,69.96,,2024-01-15,Supplier Questionnaire,False,,,,,False,3.0,2,0.6666666666666666,72.82,69.96,67.18,0,0,4,0,0,6.0,50.028800000000004,Medium Risk,Medium Spend,Monitor quarterly; request additional evidence
S0991,Alpine Systems,Spain,Europe,Low,5,Packaging,Tier 1,Medium,70056.27,2023-06-05,True,True,Partial,73.3,90.64,74.35,2025-08-21,Third-party Rating,False,,,,,False,0.0,3,1.0,73.3,90.64,74.35,2,0,4,0,0,2.0,30.178000000000004,Low Risk,Low Spend,Approved; monitor annually
S0992,Vega Industries,United Arab Emirates,Middle East,Medium,15,Logistics,Tier 2,Medium,58878.94,2016-06-24,True,True,Partial,65.8,69.44,,2025-05-09,Supplier Questionnaire,True,2024-02-11,63.82,Minor,180.0,True,0.0,2,0.6666666666666666,65.8,69.44,67.73,2,4,4,0,0,8.545,58.921400000000006,Medium Risk,Low Spend,Monitor quarterly; request additional evidence
S0993,Nimbus Industries,France,Europe,Low,5,Facility,Tier 2,High,473416.47,2024-11-30,True,True,Full,73.83,69.44,54.54,2025-11-27,Third-party Rating,True,2025-10-14,98.0,Minor,180.0,True,0.0,3,1.0,73.83,69.44,54.54,5,4,0,0,0,7.0,52.848800000000004,Medium Risk,Medium Spend,Monitor quarterly; request additional evidence
S0994,Cascade Systems,Switzerland,Europe,Low,5,Components,Tier 1,Medium,1406968.66,2017-11-07,True,False,Partial,82.45,54.51,80.71,2024-04-02,Third-party Rating,True,2025-08-30,82.8,None,365.0,True,0.0,3,1.0,82.45,54.51,80.71,2,0,4,0,5,0.0,43.0328,Medium Risk,High Spend,Monitor quarterly; request additional evidence
S0995,Vega Components,United Kingdom,Europe,Low,5,Facility,Tier 1,Low,149707.79,2023-12-10,True,True,Partial,70.89,83.26,72.59,2024-05-25,Supplier Questionnaire,False,,,,,False,0.0,3,1.0,70.89,83.26,72.59,0,0,4,0,0,2.0,32.367999999999995,Low Risk,Low Spend,Approved; monitor annually
S0996,Lumen Services,Thailand,Asia,Medium,15,Components,Tier 1,Low,312825.24,2016-05-06,True,True,Full,89.83,57.49,73.3,2024-10-28,Third-party Rating,False,,,,,False,0.0,3,1.0,89.83,57.49,73.3,0,0,0,0,0,6.0,42.6456,Medium Risk,Medium Spend,Monitor quarterly; request additional evidence
S0997,Helios Components,Switzerland,Europe,Low,5,Components,Tier 1,Low,378699.8,2016-08-20,True,True,Partial,53.06,90.19,82.33,2025-07-17,Internal Assessment,False,,,,,False,0.0,3,1.0,53.06,90.19,82.33,0,0,4,0,0,2.0,31.471600000000002,Low Risk,Medium Spend,Approved; monitor annually
S0998,Cascade Holdings,South Africa,Africa,Medium,15,Components,Tier 1,High,1451290.37,2024-04-22,True,True,Limited,73.33,74.82,65.56,2025-09-01,Supplier Questionnaire,False,,,,,False,0.0,3,1.0,73.33,74.82,65.56,5,0,10,0,0,6.0,57.8104,Medium Risk,High Spend,Monitor quarterly; request additional evidence
S0999,Zenith Materials,United Kingdom,Europe,Low,5,Components,Tier 1,Low,170514.37,2016-12-08,True,True,Limited,68.16,81.1,60.54,2024-04-24,Third-party Rating,False,,,,,False,0.0,3,1.0,68.16,81.1,60.54,0,0,10,0,0,2.0,43.8524,Medium Risk,Low Spend,Monitor quarterly; request additional evidence
S1000,Alpine Holdings,Turkey,Europe/Asia,Medium,15,Metals & Minerals,Tier 2,Medium,368292.82,2025-02-02,False,True,Full,40.68,48.56,53.94,2024-03-01,Internal Assessment,True,2024-04-19,62.21,Minor,180.0,True,3.0,3,1.0,40.68,48.56,53.94,2,4,0,12,0,8.9475,88.77230000000002,High Risk,Medium Spend,Request signature/commitment before continuation
